Post id,Date,Post text,Post Link,Impressions,Likes,Engagements,Bookmarks,Shares,New follows,Replies,Reposts,Profile visits,Detail Expands,URL Clicks,Hashtag Clicks,Permalink Clicks
2091131478289604610,"Sat, Aug 22, 2026",@dmeinvestor $UMAC very interesting American drone play👌,https://x.com/HestysInvest/status/2091131478289604610,106,2,6,0,0,0,1,0,1,2,0,0,0
2091041656086671799,"Sat, Aug 22, 2026","$EL flipped bullish this week, stock jumped nearly 18% on August 19 after a Q4 beat and a raised fiscal 2027 margin outlook, the turnaround story finally gaining traction after a rough multi-year drawdown of 87%. Also formed a nice higher low on the monthly chart. Consensus https://t.co/NBhSkgG1jZ",https://x.com/HestysInvest/status/2091041656086671799,14,0,0,0,0,0,0,0,0,0,0,0,0
2090841116396442095,"Fri, Aug 21, 2026",🚀 Hesty's bi-weekly update Portfolio Watch - Your Sunday email now also shows your weekly portfolio return (weighted by position size) along with your best and worst performer of the week - Upcoming earnings for your holdings are included so you know what’s coming - New “Worth,https://x.com/HestysInvest/status/2090841116396442095,28,0,0,0,0,0,0,0,0,0,0,0,0
2090793215515332841,"Fri, Aug 21, 2026",@TheeShitSociety @WatcherGuru 😂😂,https://x.com/HestysInvest/status/2090793215515332841,33,1,1,0,0,0,0,0,0,0,0,0,0
2090778140947652966,"Fri, Aug 21, 2026","@nickyp103 Damn very fast, and looks slick aswell.. keep up the good work 👌",https://x.com/HestysInvest/status/2090778140947652966,358,6,12,0,0,0,0,0,6,0,0,0,0
2090747075671597339,"Fri, Aug 21, 2026",@WatcherGuru Is he getting paid to fool his audience?,https://x.com/HestysInvest/status/2090747075671597339,1421,7,18,0,0,0,2,0,6,3,0,0,0
2090746549580026061,"Fri, Aug 21, 2026",@BeuvingJordy Customers ordering today might not see parts until mid-2027. Wild times.,https://x.com/HestysInvest/status/2090746549580026061,39,1,3,0,0,0,0,0,2,0,0,0,0
2090722918141464877,"Fri, Aug 21, 2026","@Investanswers Funny how the human mind works, and if you master it in investing, you see the pattern everytime.. bitcoin:native",https://x.com/HestysInvest/status/2090722918141464877,87,1,1,0,0,0,0,0,0,0,0,0,0
2090718035241795981,"Fri, Aug 21, 2026",@WatcherGuru This is shaping up to be bitcoin:native ’s best weekly performance in over two years (since March 2024). Not the most profitable week of all time. Early bull runs had even wilder 30%+ weeks. Week ain't finished yet though! Strong push. 🚀,https://x.com/HestysInvest/status/2090718035241795981,203,3,7,0,0,0,0,0,1,3,0,0,0
2090688498109984800,"Fri, Aug 21, 2026","Silver's trading around$69 today, on track for a third straight weekly gain, up nearly 14% in a month. Driver: falling real yields after the Treasury doubled its long-term debt buybacks, but it was already rising before that.. Structural demand keeps building too: solar, EVs, https://t.co/FjNYSS9j1t",https://x.com/HestysInvest/status/2090688498109984800,63,0,0,0,0,0,0,0,0,0,0,0,0
2090494016278216853,"Thu, Aug 20, 2026","Genomics &amp; Biotech is up 22.8% this month (1-month trailing) 🔥 Wild swing: on July 29, this same stat stood at -11.47%. That's a massive reversal in about 3 weeks. Drivers: a wave of M&amp;A (H1 deal volume already exceeds all of 2025), a friendlier FDA, and AI-driven drug https://t.co/xQPmPGGaNp",https://x.com/HestysInvest/status/2090494016278216853,36,0,2,0,0,0,0,0,1,1,0,0,0
2090460591534022835,"Thu, Aug 20, 2026",@TheLongInvest COPPER = solana:So11111111111111111111111111111111111111112 😉,https://x.com/HestysInvest/status/2090460591534022835,425,3,7,0,0,0,3,0,0,1,0,0,0
2090445096760025345,"Thu, Aug 20, 2026",@WatcherGuru For some reason theres always these predictions on the BTC price by end of this year or by end of x year.. Feels like they do it way more on bitcoin:native then for other assets.. Offcourse they do it right at the moment sentiment is changing..,https://x.com/HestysInvest/status/2090445096760025345,164,5,10,0,0,0,0,0,2,3,0,0,0
2090440598192845242,"Thu, Aug 20, 2026","@dmeinvestor yes ser, break-out in progress on the weekly.. https://t.co/3nQXbWjZff",https://x.com/HestysInvest/status/2090440598192845242,20,1,3,0,0,0,1,0,1,0,0,0,0
2090436156383011005,"Thu, Aug 20, 2026",@TheLongInvest both with great momentum.. i'd say $HIMS and $OSCR bring it home together 📈,https://x.com/HestysInvest/status/2090436156383011005,298,1,6,0,0,0,2,0,0,3,0,0,0
2090419297034150248,"Thu, Aug 20, 2026","@StockSavvyShay Third major quant firm in a few months for CoreWeave, after Jane Street's $6B commitment in April and the IMC expansion earlier this August.",https://x.com/HestysInvest/status/2090419297034150248,212,0,1,0,0,0,0,0,1,0,0,0,0
2090418393467760783,"Thu, Aug 20, 2026","@unusual_whales Serious case, and the financial stakes go well beyond this one trial: the states are collectively seeking up to $1.4 trillion, close to Meta's entire market cap...",https://x.com/HestysInvest/status/2090418393467760783,162,1,2,0,0,0,0,0,1,0,0,0,0
2090410614870982725,"Thu, Aug 20, 2026",@zerohedge Worth the contrast: the stock closed 460% above its IPO price the same week the founder himself said mass adoption is still 2-10 years out.,https://x.com/HestysInvest/status/2090410614870982725,50,0,0,0,0,0,0,0,0,0,0,0,0
2090366715569770778,"Thu, Aug 20, 2026","bitcoin:native 👀 Weekly descending trendline just broke, pretty violently too. Bye bye bear market? https://t.co/rTR4eEJn0y",https://x.com/HestysInvest/status/2090366715569770778,47,1,9,0,0,0,0,0,1,6,0,0,0
2090336146999877913,"Thu, Aug 20, 2026","Following up on the Nasdaq news from earlier this week, curious where people actually stand on this. Do you want 24/7 stock trading?",https://x.com/HestysInvest/status/2090336146999877913,29,0,2,0,0,0,0,0,0,1,0,0,0
2090312145514664386,"Thu, Aug 20, 2026","$BIIB flipped onto today’s screener (score 7.43). The ‘Genomics &amp; Biotech’ theme is up over 20% this month, one of the most extreme sector moves right now. BIIB’s own story: fresh 52-week high after $BLK disclosed a $3.45B stake (10.8% ownership), on top of a Q2 beat and raised https://t.co/j64mo8O8Zk",https://x.com/HestysInvest/status/2090312145514664386,85,1,2,0,0,0,0,0,0,0,0,0,0
2090097798368690264,"Wed, Aug 19, 2026","@IncomeSharks Fire checks out, that's exactly what knocked Q2 production below Q1, and antimony's a real, growing piece of the revenue mix now too. Bullish here as well, silver strength plus the operational turnaround story lining up nicely.",https://x.com/HestysInvest/status/2090097798368690264,417,1,2,0,0,0,1,0,0,0,0,0,0
2090061478267142325,"Wed, Aug 19, 2026",@alc2022 El Gigabaggedor Supremo 😂📈,https://x.com/HestysInvest/status/2090061478267142325,541,2,3,0,0,0,0,0,1,0,0,0,0
2090059811022868742,"Wed, Aug 19, 2026",@StockSavvyShay Smart incentive structure by $MRVL to tie vesting directly to revenue milestones.,https://x.com/HestysInvest/status/2090059811022868742,57,0,0,0,0,0,0,0,0,0,0,0,0
2090041539984490835,"Wed, Aug 19, 2026","$TRGP popped up on my screener. Up 7% yesterday on a new 20-year ExxonMobil midstream deal and nearing that $300 mark pre-market. Interesting chart if you ask me.. If you bought in the corona-crash in 2020, you could be up 60x 👀 Full scan, free on https://t.co/fGmILmxKtj https://t.co/ctmmicazOi",https://x.com/HestysInvest/status/2090041539984490835,43,0,0,0,0,0,0,0,0,0,0,0,0
2090037100494160207,"Wed, Aug 19, 2026","@zerohedge Worth noting this is the second time in about three weeks Korean semis have done this exact dance, sharp AI-capex-fear selloff, then a support measure to stop the bleeding.",https://x.com/HestysInvest/status/2090037100494160207,62,0,0,0,0,0,0,0,0,0,0,0,0
2089951441217536030,"Wed, Aug 19, 2026","Nasdaq officially confirmed this week: nearly 24-hour stock trading starts December 6, 2026. 📈 What actually happens to tokenized stocks once traditional markets go (almost) 24/7? 🕐 The new structure: a day session (4am-8pm ET) and an overnight session (9pm-4am ET). The",https://x.com/HestysInvest/status/2089951441217536030,55,0,4,0,0,0,0,0,0,4,0,0,0
2089782248467800129,"Tue, Aug 18, 2026",@himshouse Please take my money 💸,https://x.com/HestysInvest/status/2089782248467800129,1148,1,6,0,0,0,0,0,2,3,0,0,0
2089766510952689793,"Tue, Aug 18, 2026",@TheRonnieVShow history says we should start moving again in okt/nov 👀 bitcoin:native,https://x.com/HestysInvest/status/2089766510952689793,205,0,3,0,0,0,1,0,0,2,0,0,0
2089726785311129890,"Tue, Aug 18, 2026","Adding some $GRAB here.. 📈 Willing to add more if we hit $3.30 and $3.00. ✅ Solid fundamentals &amp; growing MTUs ✅ Well below fair value consensus of $5.90 ✅ Great Q2 earnings beat (+ buyback program) ✅ Price action down, perfect for accumulating 🛒 ✅ ASEAN region https://t.co/1mC6Cbzyyc",https://x.com/HestysInvest/status/2089726785311129890,187,1,14,0,0,0,0,0,2,6,0,0,0
2089719276143886643,"Tue, Aug 18, 2026","@misterrcrypto but ser, what about clarity 👀",https://x.com/HestysInvest/status/2089719276143886643,14,0,0,0,0,0,0,0,0,0,0,0,0
2089716024316715385,"Tue, Aug 18, 2026","@fundmyfund great momentum, ill just keep riding the trend! 👌📈",https://x.com/HestysInvest/status/2089716024316715385,89,1,2,0,0,0,0,0,0,1,0,0,0
2089713809325723661,"Tue, Aug 18, 2026",@c0c0jumbo yw! just documenting my journey ✍️,https://x.com/HestysInvest/status/2089713809325723661,9,0,3,0,0,0,0,0,1,2,0,0,0
2089713476704915550,"Tue, Aug 18, 2026","@defianceinvest @NasdaqExchange Very interesting ETF, def gonna look into this one. Probably not that easy accessible via Dutch brokers 👀",https://x.com/HestysInvest/status/2089713476704915550,36,1,3,0,0,0,0,0,0,2,0,0,0
2089712855696240782,"Tue, Aug 18, 2026","@WatcherGuru Traditional finance isn't fighting crypto anymore, they are building the infrastructure for it.🔥",https://x.com/HestysInvest/status/2089712855696240782,114,0,0,0,0,0,0,0,0,0,0,0,0
2089635616350773260,"Tue, Aug 18, 2026",My game plan for buying SpaceX ($SPCX ) 🚀👇 Fundamental The fundamental macro catalyst here is absolutely insane. SpaceX is rapidly transforming into a AI infrastructure powerhouse. Elon Musk recently revealed that AI revenue will overtake the entire rocket launch &amp; Starlink https://t.co/bXYFRWWyAB,https://x.com/HestysInvest/status/2089635616350773260,133,4,18,0,0,0,1,3,3,7,0,0,0
2089404828216651804,"Mon, Aug 17, 2026",🚨New feature! I've built a weekly recap email (see example below) that lands in your inbox every sunday morning ☕️ It includes: - Best &amp; worst performers of your portfolio - Important trend changes in your holdings - Fundamental changes after recent earnings (for example ROIC https://t.co/oT2k2edLEJ,https://x.com/HestysInvest/status/2089404828216651804,48,0,1,0,0,0,0,0,0,0,0,0,0
2089384463948029972,"Mon, Aug 17, 2026",ethereum:0x467bccd9d29f223bce8043b84e8c8b282827790f price action in the toilet..🚽 Time for some action .. Clarity? Mainnet? MNOs? https://t.co/e49r8fygtc,https://x.com/HestysInvest/status/2089384463948029972,63,0,1,0,0,0,0,0,0,1,0,0,0
2089373447302287673,"Mon, Aug 17, 2026","@dmeinvestor True, the potential of $ASTS is huge 👌 thats why i own both 🙃",https://x.com/HestysInvest/status/2089373447302287673,267,1,3,0,0,0,0,0,0,2,0,0,0
2089370132858413427,"Mon, Aug 17, 2026","@dmeinvestor Its a different cookie.. $ASTS aint got cursor, xAi, datacenter build out etc etc",https://x.com/HestysInvest/status/2089370132858413427,474,2,6,0,0,0,1,0,0,3,0,0,0
2089325835782115747,"Mon, Aug 17, 2026","@zerohedge Overall, it’s a constructive data point that supports the bull case on Alibaba’s AI/cloud pivot. Upcoming thursday well see how that reflects in actual revenue and margins 🧐",https://x.com/HestysInvest/status/2089325835782115747,130,0,0,0,0,0,0,0,0,0,0,0,0
2089321857891602537,"Mon, Aug 17, 2026",@fundmyfund we've all been there .. selling too soon 😂,https://x.com/HestysInvest/status/2089321857891602537,55,1,1,0,0,0,0,0,0,0,0,0,0
2089318058305167578,"Mon, Aug 17, 2026",@TheLongInvest Also going up due $SPCX impacting the sector with great Q2 earnings. I agree buying sub $60 was a good call 👌,https://x.com/HestysInvest/status/2089318058305167578,557,3,14,0,0,0,3,0,1,7,0,0,0
2089316838484197718,"Mon, Aug 17, 2026","@unusual_whales Those two still dominate cloud revenue for the hyperscalers right now, but underneath that a whole layer of real-world applications is already growing: industrial AI, robotics, medical imaging, edge AI, autonomous systems, manufacturing and logistics.",https://x.com/HestysInvest/status/2089316838484197718,374,3,11,0,0,0,1,0,0,7,0,0,0
2089227872770630098,"Mon, Aug 17, 2026","$SNDK just popped up on my screener again with a 9.04 score..🔥 •Friday: +7.39% •Overnight trading: +5.29% The market is finally realizing that the memory momentum is more than alive, it’s actively becoming less cyclical. AI changed the script. Hyperscalers aren't playing https://t.co/zBtpFUnq0V",https://x.com/HestysInvest/status/2089227872770630098,234,1,4,0,0,0,0,0,0,1,0,0,0
2089081623887163413,"Sun, Aug 16, 2026","@dmeinvestor Good stuff DME! whats your plan with this? as i understand it can take a long time for this to really to come to fruition.. I think its also worth to check out $SURG.NE .. ive been studying them today. They alrdy got their results from their PFS mid-june wth CAD 4,6 billion (3,3",https://x.com/HestysInvest/status/2089081623887163413,6,0,0,0,0,0,0,0,0,0,0,0,0
2088982147545579610,"Sun, Aug 16, 2026",@StockSavvyShay $NVDA isn’t just selling the picks and shovels anymore… They’re financing the entire gold mine.,https://x.com/HestysInvest/status/2088982147545579610,148,0,1,0,0,0,0,0,0,1,0,0,0
2088980652045603164,"Sun, Aug 16, 2026",@JarrodBergman @TheLongInvest touché 🙂,https://x.com/HestysInvest/status/2088980652045603164,140,0,0,0,0,0,0,0,0,0,0,0,0
2088980196565123527,"Sun, Aug 16, 2026",@skippedydoo yahoo finance estimated earnings date is 20 aug.. but wouldnt be surprised if it changes!,https://x.com/HestysInvest/status/2088980196565123527,34,0,1,0,0,0,0,0,0,1,0,0,0
2088948442131210744,"Sun, Aug 16, 2026",@9to5Dude @BrianFeroldi a win is a win 🚀🙂 now analyze why that happened and go bigger next time,https://x.com/HestysInvest/status/2088948442131210744,43,0,1,0,0,0,0,0,0,1,0,0,0
2088946678040596666,"Sun, Aug 16, 2026",@BrianFeroldi 😂 + the position you just bought even though its the smallest position 😶‍🌫️,https://x.com/HestysInvest/status/2088946678040596666,416,4,13,0,0,0,2,0,3,4,0,0,0
2088930550308360604,"Sun, Aug 16, 2026",@TheLongInvest Citadel just dropped $25M into $GRAB like it’s the last uber eats order before the apocalypse. 🆙,https://x.com/HestysInvest/status/2088930550308360604,3716,4,31,0,0,1,3,0,9,14,0,0,0
2088928558349427172,"Sun, Aug 16, 2026","@dmeinvestor @TheDailyGold Fundamentals back it up too. Industrial demand is strong: solar, EVs, electronics and the AI boom (data centers, servers, power systems) all need silver, while mine supply stays tight. I think a major rebound is very plausible.",https://x.com/HestysInvest/status/2088928558349427172,31,2,3,0,0,0,1,0,0,0,0,0,0
2088865201902801302,"Sun, Aug 16, 2026","What I’m watching this week 👀 📅 $ADUR reports Thursday (Aug 20, before open). I’m not looking at EPS, it’s cash runway and progress on the NGP pilot plant. 📉 $SPCX has its next lockup tranche on Aug 21 (Friday), a smaller 7% release this time, part of five staggered tranches",https://x.com/HestysInvest/status/2088865201902801302,426,1,16,0,0,2,1,0,6,6,0,0,0
2088707180694323466,"Sat, Aug 15, 2026",@dmeinvestor Agreed ✅ both broke out of the decending trend line.. I have added $USAS as a proxy after good Q2 earnings,https://x.com/HestysInvest/status/2088707180694323466,122,1,6,0,0,0,1,0,2,2,0,0,0
2088652613742940282,"Sat, Aug 15, 2026",@dmeinvestor yes! and plenty of stocks to choose from 👌 anything in particular your interested in?,https://x.com/HestysInvest/status/2088652613742940282,44,1,4,0,0,0,1,0,2,0,0,0,0
2088514913140417004,"Sat, Aug 15, 2026","$WDAY topped this week’s 🚀Rocket List for a reason: it jumped nearly 18% on Thursday (also that day’s top gainer on Today) on reports that Silver Lake is exploring a $43B buyout, the stock’s biggest single-day move since 2016. Trading was even halted for volatility. Talks are https://t.co/1KhXkIscH6",https://x.com/HestysInvest/status/2088514913140417004,145,0,4,0,0,0,0,0,1,2,1,0,0
2088268672129270250,"Fri, Aug 14, 2026",$USAS $USA.TO 665K oz ✅ $67 realized ✅ Guidance on track ✅ Decending trendline break + 🪙silver strength = this is starting to work. Still early 🔥,https://x.com/HestysInvest/status/2088268672129270250,288,0,1,0,0,0,0,0,0,0,0,0,0
2088249328334754199,"Fri, Aug 14, 2026","@utopia_escape The technical weakness lines up with a rough last quarter, they missed EPS by about 67% and revenue slightly too. Priced-in-silver is an interesting lens though, since the operational side is actually improving: record Q2 silver production and a realized price around $67/oz.",https://x.com/HestysInvest/status/2088249328334754199,67,1,8,0,0,0,1,0,1,5,0,0,0
2088218082372174250,"Fri, Aug 14, 2026",@fundmyfund Seems like its because some orange man announced tariffs of up to 100% on imports of unmanned drones and their components to reduce US reliance on China,https://x.com/HestysInvest/status/2088218082372174250,29,0,0,0,0,0,0,0,0,0,0,0,0
2088163354850234526,"Fri, Aug 14, 2026","Live example of the pattern above: $TER showed up on both the daily screener and the earnings surprises list. +20-21% surprise on July 28, and the stock's still climbing three weeks later, up another 12.8% this week on a new $1B credit facility.",https://x.com/HestysInvest/status/2088163354850234526,139,0,3,0,0,0,0,0,0,3,0,0,0
2088161050696745230,"Fri, Aug 14, 2026","@delangetermijn Ik ben het eens met jullie dat een earnings beat of miss weinig signaal geeft, echter een significante beat of miss is historisch gezien wel een interessant signaal. Verschillende studies laten zien een aandeel in de weken/maanden na een significante beat of miss het aandeel",https://x.com/HestysInvest/status/2088161050696745230,8,0,3,0,0,0,0,0,0,3,0,0,0
2088158523125338166,"Fri, Aug 14, 2026","Is post-earnings drift still real? 📊 Markets don't fully reprice a stock the moment earnings drop. There's a documented pattern where prices keep drifting in the direction of the surprise for weeks after, and it's been studied since 1968. It's called PEAD, https://t.co/pQzuGWU2EQ",https://x.com/HestysInvest/status/2088158523125338166,190,0,15,0,0,0,1,0,0,10,0,0,0
2087999031423258728,"Thu, Aug 13, 2026","@dmeinvestor I also thought earnings would be today.. if you find some info, let us know 👍",https://x.com/HestysInvest/status/2087999031423258728,45,1,3,0,0,0,1,0,1,0,0,0,0
2087900870323155355,"Thu, Aug 13, 2026",@TheLongInvest This counts when buying but also when you need to sell 🙃,https://x.com/HestysInvest/status/2087900870323155355,242,3,12,0,0,0,2,0,1,6,0,0,0
2087899788079423633,"Thu, Aug 13, 2026","@StockSavvyShay Impressive top line, still very much a “growing on borrowed money” chapter of the story.",https://x.com/HestysInvest/status/2087899788079423633,579,4,8,0,0,0,1,0,1,2,0,0,0
2087896403670388910,"Thu, Aug 13, 2026","$SMCI after the preliminary Q4 update weeks ago at $30,80. Actual results confirmed it, huge beat, guidance well above expectations. Stock’s up almost 30% since",https://x.com/HestysInvest/status/2087896403670388910,191,1,5,0,0,0,1,0,0,3,0,0,0
2087893785233539187,"Thu, Aug 13, 2026",@unusual_whales Compute demand still outpacing supply for years is the bull case,https://x.com/HestysInvest/status/2087893785233539187,46,0,0,0,0,0,0,0,0,0,0,0,0
2087849415042015722,"Thu, Aug 13, 2026","@0xtechquity Happiest thursday in a while if you’re holding this one 😅 But the move’s solid, not just a euphoric spike, real guidance raise behind it.",https://x.com/HestysInvest/status/2087849415042015722,24,2,5,0,0,0,0,0,2,1,0,0,0
2087815706490310767,"Thu, Aug 13, 2026","$ADYEN Today’s H1 results back this up: revenue guidance raised to 21-23% growth (from 20-22%), H1 net revenue beat at €1.30B. Stock’s up 11.5% today, already through €1000, that level now flips from resistance to support.",https://x.com/HestysInvest/status/2087815706490310767,335,0,2,0,0,0,0,0,0,1,0,0,0
2087775736539070868,"Thu, Aug 13, 2026","🚨You now get notified when a sector moves more than 10% in a month, for both 🇪🇺EU and 🇺🇸US. First one that popped up: European Basic Resources, yesterday at +11.2%. This sector's up 55% over the past year. Names like $ANTO (Antofagasta, near 52-week highs on record copper https://t.co/aMpZnW3Evg",https://x.com/HestysInvest/status/2087775736539070868,525,0,5,0,0,0,0,0,0,3,0,0,0
2087587858752143491,"Wed, Aug 12, 2026","$INFQ reports today. What I'm watching: Management previously signaled at least $40M in 2026 revenue, with room for a guidance upgrade The quantum-expansion story: a new Chicago innovation center A planned neutral-atom quantum computer deployment by 2027 Analyst average price",https://x.com/HestysInvest/status/2087587858752143491,248,0,1,0,0,0,0,0,1,0,0,0,0
2087512939473330634,"Wed, Aug 12, 2026",@TheLongInvest Might be time for an Inverse-Burry ETF? 😅,https://x.com/HestysInvest/status/2087512939473330634,205,1,8,0,0,0,4,0,2,1,0,0,0
2087512543098962214,"Wed, Aug 12, 2026","@unusual_whales This is the third upward revision this year, $60B (late 2025) to $120B (May) to now $220B (July), all in about 8 months.",https://x.com/HestysInvest/status/2087512543098962214,131,0,0,0,0,0,0,0,0,0,0,0,0
2087498033902637401,"Wed, Aug 12, 2026",@BrianFeroldi It's all manipulated 😂,https://x.com/HestysInvest/status/2087498033902637401,33,0,1,0,0,0,0,0,1,0,0,0,0
2087490563826233425,"Wed, Aug 12, 2026","@StockSavvyShay The scale problem this solves is wild! A single 1GW data center at the old 54V standard would need up to 200,000kg of copper busbar alone. Worth knowing this isn't $NVDA going solo either, $GOOGL is co-leading the push.",https://x.com/HestysInvest/status/2087490563826233425,477,2,6,0,0,0,0,0,2,2,0,0,0
2087486390007120065,"Wed, Aug 12, 2026","@WatcherGuru Fidelity's joining Grayscale, 21Shares and VanEck here. This follows an IRS safe harbor from November 2025 that lets these trusts stake without losing their tax status. Fidelity keeps 85% of staking rewards, 15% goes to the sponsor/custodians/node operators.",https://x.com/HestysInvest/status/2087486390007120065,373,3,8,0,0,0,0,0,5,0,0,0,0
2087411815923745130,"Wed, Aug 12, 2026","📆 CPI drops today at 14:30 CEST. Consensus: +0.1-0.2% month-over-month, annual rate expected to tick down to 3.4% from 3.5%. The real stakes: CME FedWatch currently has September rate hike odds at a coin flip, 50-50. A hot print pushes that higher, meaning pricier borrowing, a",https://x.com/HestysInvest/status/2087411815923745130,64,0,0,0,0,0,0,0,0,0,0,0,0
2087257367473688776,"Tue, Aug 11, 2026","🚨I've added a new feature! On the sector&amp;themes page you can now see a chart which you can filter however you like it You can use this info to early spot a reversal. For example when the semis ($SNDK, $MU) dropped bigtime on the 29th of july. You also get notificated when a https://t.co/xEgy0ZGsKF",https://x.com/HestysInvest/status/2087257367473688776,101,0,8,1,0,0,0,0,1,2,3,0,0
2087188446737576276,"Tue, Aug 11, 2026","@TheValueTrade Joined you on this one with the first batch after a very positive deepdive.. Let’s see if we get more time below $3,90 to accumulate.. $GRAB https://t.co/HWelSAVI48",https://x.com/HestysInvest/status/2087188446737576276,214,0,6,0,0,0,0,0,0,4,0,0,0
2087177687727067359,"Tue, Aug 11, 2026","@WatcherGuru This isn’t hype, it’s the world’s largest asset manager rewriting the plumbing of finance. Winners? $BLK (more products, more fees, new distribution) Ethereum (still the institutional default) solana:So11111111111111111111111111111111111111112 (already hosting BUIDL + the",https://x.com/HestysInvest/status/2087177687727067359,496,1,1,0,0,0,0,0,0,0,0,0,0
2087133967392616665,"Tue, Aug 11, 2026",@NotA_Bull But where’s the fun in that? 😮 I didn’t come here for boring diversified returns… I came here for the emotional damage of watching one stock decide my entire mood for the week. 😃,https://x.com/HestysInvest/status/2087133967392616665,412,7,16,0,0,0,3,0,4,2,0,0,0
2087113488896336063,"Tue, Aug 11, 2026","@TheLongInvest $ZETA ’s post-ER reversal was textbook. $HIMS is setting up the same way, but with a cleaner catalyst stack: solid beat + guidance + the peptides green light now fully priced in.-6% PM feels more like the last shakeout than actual weakness. Once the algos finish their morning",https://x.com/HestysInvest/status/2087113488896336063,407,1,6,0,0,0,2,0,1,2,0,0,0
2087072532306203005,"Tue, Aug 11, 2026","$VRTX is breaking out on the monthly chart. Recent fundamentals supporting the move: • Q2 revenue +12% to $3.33B, FY26 guidance raised to $13.1–$13.2B • Continued strength in the CF franchise (Alyftrek + Trikafta) • Growing contributions from Casgevy and Journavx • $10B https://t.co/PwnOA7ZBPS",https://x.com/HestysInvest/status/2087072532306203005,112,0,2,0,0,0,0,0,0,0,0,0,0
2086911550888051054,"Mon, Aug 10, 2026","My $HIMS Q2 earnings take: The GLP-1 pivot is working. Domestic growth re-accelerated meaningfully and international is scaling fast after Eucalyptus. Management raised the full-year outlook and sounded more confident on the 2030 targets.Still, margins remain under pressure",https://x.com/HestysInvest/status/2086911550888051054,223,0,8,0,0,0,0,0,0,8,0,0,0
2086836642543706166,"Mon, Aug 10, 2026","$USA.TO reports Q2 earnings in 2 days. Already know the operational side looks strong: record Q2 silver production (665K oz) at a realized price of $67/oz, full-year guidance of 3.2-3.6M oz still on track. Chart-wise, it just broke a descending trendline on the weekly. I'm https://t.co/MEzUMgJRKL",https://x.com/HestysInvest/status/2086836642543706166,407,0,10,0,0,0,0,0,1,1,0,0,0
2086810364977545667,"Mon, Aug 10, 2026","@fundmyfund might be worth re-adding around that $10,50 area.. luckely i sold a chunk around 20$",https://x.com/HestysInvest/status/2086810364977545667,50,1,7,0,0,0,1,0,1,4,0,0,0
2086799366057013580,"Mon, Aug 10, 2026","@growthrapidly I'm not a shareholder, I'm just following with a lot of interest!",https://x.com/HestysInvest/status/2086799366057013580,30,0,3,0,0,0,1,0,1,1,0,0,0
2086797476829204801,"Mon, Aug 10, 2026","@growthrapidly This is after the positive Phase 2 data on ABCL635, their non-hormonal antibody for menopause hot flashes crushed it on both frequency and severity. That’s a clean clinical win and a big step for their first major internal pipeline asset. Biotech loves a good catalyst day like",https://x.com/HestysInvest/status/2086797476829204801,182,2,10,0,0,0,1,0,4,3,0,0,0
2086793512247320654,"Mon, Aug 10, 2026","@himshouse Worth adding tonight’s specific setup: options are pricing a 14.5-15.2% move, above that 10.1% historical average.",https://x.com/HestysInvest/status/2086793512247320654,797,0,5,0,0,0,1,0,2,2,0,0,0
2086761825706672191,"Mon, Aug 10, 2026","@alc2022 If anything I only ever tap out too early on the way up, never on the way down. 😂",https://x.com/HestysInvest/status/2086761825706672191,315,1,5,0,0,0,0,0,3,1,0,0,0
2086760438725784058,"Mon, Aug 10, 2026","@NotA_Bull True in theory, though worth the reminder that most equity is illiquid and time-locked too, you’re trading your time now for the option to have it back later, not an instant swap. The freedom shows up on a delay, and the delay is usually longer than people plan for.",https://x.com/HestysInvest/status/2086760438725784058,54,1,2,0,0,0,0,0,0,1,0,0,0
2086694293977047143,"Mon, Aug 10, 2026","$CPRT flipped onto this week’s Snowballers scan, and there’s a real story behind it, not just a value screen. Founder Jay Adair returned as CEO on July 31st after investor concerns over slowing growth. Stock’s down 36-38% over the past year, but the moat (dominant online https://t.co/WyTWVNOErC",https://x.com/HestysInvest/status/2086694293977047143,187,0,6,0,0,0,0,0,1,5,0,0,0
2086468336737488972,"Sun, Aug 9, 2026","@charliebilello Recent years have been remarkably productive: 2021, 2024, and 2025 rank among the top years ever.",https://x.com/HestysInvest/status/2086468336737488972,197,0,0,0,0,0,0,0,0,0,0,0,0
2086439724147765350,"Sun, Aug 9, 2026","@WatcherGuru Worth the context: this follows a 5+ week buying pause (longest since Strategy started in 2020) and a fresh $105M sale just days ago to fund preferred dividends. The flywheel that let them buy aggressively (issuing stock at a premium to NAV) isn’t working the way it used to,",https://x.com/HestysInvest/status/2086439724147765350,124,2,8,0,0,0,0,0,3,3,0,0,0
2086405295207596100,"Sun, Aug 9, 2026",@alc2022 https://t.co/kmQ2f4Jqdo,https://x.com/HestysInvest/status/2086405295207596100,1520,5,13,0,0,0,0,0,3,4,0,0,0
2086342822102233314,"Sun, Aug 9, 2026","What I’m watching this week 👀 📅 Big one Monday: $HIMS and $ASTS both report Q2 after close, same day, extra interesting to me since both are positions I hold. $HIMS: analysts expect a loss of $0.049/share on $699M revenue, first real earnings test since the FTC lawsuit and https://t.co/UIyl3nLRxw",https://x.com/HestysInvest/status/2086342822102233314,351,3,15,1,0,0,0,0,2,6,0,0,0
2085967631354315035,"Sat, Aug 8, 2026","$IT (Gartner) might be the more remarkable flip of the two on this week's Momentocrats scan, more than $PLTR even. It just came out of a 74-week downtrend (PLTR's was 27), down 78.68% from peak to trough on fears that AI would disrupt its research/advisory business. Q2 https://t.co/vIEXBuxvYe",https://x.com/HestysInvest/status/2085967631354315035,156,1,4,0,0,0,0,0,0,1,0,0,0
2085813175614591171,"Fri, Aug 7, 2026","🚨New feature! Deep-dives, now with real structure. * Score each part of your thesis separately (business case, valuation, TA, etc.), 1-10, auto-totaled * Market cap and price logged at the time you wrote it * Set a buy and sell target, get notified on Today when either hits * https://t.co/Oykl4g7ibJ",https://x.com/HestysInvest/status/2085813175614591171,39,1,2,0,0,0,0,0,0,0,0,0,0
2085804899493707952,"Fri, Aug 7, 2026",@fundmyfund ah my bad.. still v juicy 🔥,https://x.com/HestysInvest/status/2085804899493707952,21,0,0,0,0,0,0,0,0,0,0,0,0
2085796349656629369,"Fri, Aug 7, 2026","@alc2022 Haha, fair enough. Being an early $HIMS investor does sound pretty solid. Q2 earnings are gonna be 🔥, although it doesn’t really matter in the grand scheme of things.",https://x.com/HestysInvest/status/2085796349656629369,646,3,10,0,0,0,0,0,5,2,0,0,0
2085787132245791000,"Fri, Aug 7, 2026",@fundmyfund but $250M for 2027 is the figure management has repeated across multiple calls right?,https://x.com/HestysInvest/status/2085787132245791000,72,0,1,0,0,0,1,0,0,0,0,0,0
2085726277269323797,"Fri, Aug 7, 2026","@TheLongInvest The setup into the previous high around $18.19 looks clean. A clean break and hold above that level would open the door for a proper squeeze, especially with short interest still elevated and the float not massive.",https://x.com/HestysInvest/status/2085726277269323797,120,1,10,0,0,0,5,0,0,4,0,0,0
2085652548568887646,"Fri, Aug 7, 2026",@TheLongInvest Noticed this aswell.. Going for that decending trendline.. lets see if that can break into an uptrend 📈😮 https://t.co/6gQ9BLWf9x,https://x.com/HestysInvest/status/2085652548568887646,653,3,39,1,0,0,3,0,3,6,0,0,0
2085633615291986234,"Fri, Aug 7, 2026","@SolanaManifest RWA, merchants, block capacity, all checks out against Solana's own numbers. The 97% equity figure I'd hold loosely, that one's been doing gymnastics between 47% and 99% depending on the day you check it 😅 Rest of the thesis stands though. R:R getting juicy!",https://x.com/HestysInvest/status/2085633615291986234,2,0,0,0,0,0,0,0,0,0,0,0,0
2085614339973620109,"Fri, Aug 7, 2026",https://t.co/4hf0IZoYfX,https://x.com/HestysInvest/status/2085614339973620109,12,0,0,0,0,0,0,0,0,0,0,0,0
2085614025530917072,"Fri, Aug 7, 2026","6/ Usage climbing across three fronts (network activity, AI agents, tokenized assets) while price stays depressed, plus a chart sitting at a technical decision point, is a setup worth paying attention to. Not investment advice.",https://x.com/HestysInvest/status/2085614025530917072,12,0,1,0,0,0,0,0,0,1,0,0,0
2085614023416873280,"Fri, Aug 7, 2026","5/ The chart backs up the ""worth watching"" case too. $SOL is compressing inside a descending channel since the 2025 highs. Around the $60-65 support level or lower, the risk/reward starts looking genuinely attractive, tight downside against a 1.618 Fib extension pointing toward https://t.co/FHMKlGD8EW",https://x.com/HestysInvest/status/2085614023416873280,32,1,3,0,0,0,1,0,0,0,0,0,0
2085614021038796958,"Fri, Aug 7, 2026","4/ There's also the 4-year cycle theory some are watching. Bitcoin peaked October 6, 2025. Previous bear markets from ATH to bottom lasted 385 days (2018) and 381 days (2022), historically pointing to a bottom window between roughly October and November 2026 if this cycle rhymes.",https://x.com/HestysInvest/status/2085614021038796958,25,0,2,0,0,1,1,0,0,0,0,0,0
2085614019264582015,"Fri, Aug 7, 2026",3/ More stacking on top: Tokenized equities volume (including $SPCX) topped $100M in a single day Alpenglow upgrade (mainnet expected Q3) cuts finality to ~150ms Firedancer's full rollout is targeted for H2,https://x.com/HestysInvest/status/2085614019264582015,59,0,1,0,0,0,1,0,0,0,0,0,0
2085614017494528211,"Fri, Aug 7, 2026","2/ The AI angle is getting less attention than it should: Solana handles an estimated 65-77% of all AI-agent payment volume globally The x402 payment protocol has processed 200M agent transactions and $50B in cumulative volume Google Cloud, the Solana Foundation, and the",https://x.com/HestysInvest/status/2085614017494528211,27,0,2,0,0,0,2,0,0,0,0,0,0
2085614015644938349,"Fri, Aug 7, 2026","Thread — ""Is SOL getting interesting again?"" 1/ Is $SOL getting interesting again? An odd divergence is forming: through June and early July, the network hit record usage: 3.77B transactions in June alone Weekly active wallets nearly doubled in two weeks (16.8M to 29.7M) The",https://x.com/HestysInvest/status/2085614015644938349,92,0,4,0,0,0,1,0,0,3,0,0,0
2085335598068387911,"Thu, Aug 6, 2026",@fundmyfund Looking forward to your deep dive 👌,https://x.com/HestysInvest/status/2085335598068387911,31,1,3,0,0,0,0,0,0,2,0,0,0
2085328165375824053,"Thu, Aug 6, 2026","🚁 $UMAC Q2: 687% YoY revenue growth to $16.7M Cash position: $230M. Headcount now &gt;255. Enterprise sales exploding. They’re scaling the U.S. drone supply chain like the DoD is writing the purchase orders themselves. Near-term margins under pressure from the ramp-up, but",https://x.com/HestysInvest/status/2085328165375824053,580,4,13,0,0,0,0,0,2,7,0,0,0
2085242483064148417,"Thu, Aug 6, 2026","Every morning (before your coffee), one email: today’s Momentocrats scan results, straight to your inbox. 📡 Momentocrats flag quality stocks with real momentum, built for swing trades over days to weeks. Today: 34 stocks flipped bullish, $IDXX leading with the highest score https://t.co/U27w4t1Yj5",https://x.com/HestysInvest/status/2085242483064148417,77,0,1,0,0,0,0,0,1,0,0,0,0
2085019163462943173,"Wed, Aug 5, 2026","@StockSavvyShay Haha classic. $SPCX just got hammered again after earnings. Strong growth, scary AI spend. Everyone’s ready to call buying today the worst decision ever. Yet here we are. Volatility tax for multi-planetary + AI upside. Why not wait for the unlocks though?",https://x.com/HestysInvest/status/2085019163462943173,917,2,10,0,0,1,1,0,0,6,0,0,0
2084988297919504785,"Wed, Aug 5, 2026","@NeelMacro Classic $CRCL : numbers missed, regulatory news was genuinely great, and the stock had a full identity crisis figuring out which one mattered more. Down 80% from ATH with a beta over 2 will do that to a chart.",https://x.com/HestysInvest/status/2084988297919504785,195,0,3,0,0,0,0,0,0,3,0,0,0
2084987463886369039,"Wed, Aug 5, 2026","@schaeffers This is almost exactly the thesis from yesterday’s thread playing out in real time: revenue actually missed estimates, but $CRCL rose anyway because the market’s pricing the federal trust bank charter and Arc’s validator lineup (BlackRock, DTCC, ICE, Mastercard, Visa) higher than",https://x.com/HestysInvest/status/2084987463886369039,140,1,1,0,0,0,0,0,0,0,0,0,0
2084986515759730725,"Wed, Aug 5, 2026","@VJNCapital Good call. Hard to argue after that print, best single-day gain since march 2020, roughly $490B added in market cap, arguably the largest one-day value gain for any stock ever.",https://x.com/HestysInvest/status/2084986515759730725,37,0,0,0,0,0,0,0,0,0,0,0,0
2084966305514275084,"Wed, Aug 5, 2026","Now $ANET is trading around $215 pre-market, +19% since, and yesterday’s Q2 beat (EPS $1.02 vs. $0.90 est, revenue beat, raised Q3 guidance) is exactly the kind of confirmation a technical breakout needs to actually hold.",https://x.com/HestysInvest/status/2084966305514275084,126,0,0,0,0,0,0,0,0,0,0,0,0
2084965607322140764,"Wed, Aug 5, 2026","@c0c0jumbo Yup, i like this one, but for the right price at the right time.. for now too many unlocks, so patiently waiting.. 🧐",https://x.com/HestysInvest/status/2084965607322140764,10,0,0,0,0,0,0,0,0,0,0,0,0
2084919561724342283,"Wed, Aug 5, 2026","$HPE flipped bullish on today’s screener, riding the same AI server demand wave as $Dell and $SMCI, plus realized synergies from the Juniper Networks integration. Chart-wise, it’s been consolidating in the $48-55 range for months. A break higher puts the all-time high (~$64) https://t.co/B4jbkBQX4M",https://x.com/HestysInvest/status/2084919561724342283,338,3,13,0,0,0,0,0,3,2,0,0,0
2084879936989368829,"Wed, Aug 5, 2026","Hesty's scans markets for 3 signals, each with a different job. None is ""better,"" they're for different situations and risk appetites. 📡 Momentocrats: momentum + quality, built for swing trades over days to weeks 🐦 Snowballers: quality at a good price, built to hold for years",https://x.com/HestysInvest/status/2084879936989368829,44,0,0,0,0,0,0,0,0,0,0,0,0
2084734324155220317,"Tue, Aug 4, 2026","SpaceX ($SPCX ) just crushed its first earnings as a public companyQ2 2026 results: • Revenue: $7.8 billion (+92% YoY) • Adjusted EBITDA: $3.5 billion (+191% YoY) • Net loss improved significantly to $541M Starlink remains the cash engine (12M subscribers, doubled YoY).",https://x.com/HestysInvest/status/2084734324155220317,176,0,2,0,0,0,1,0,0,1,0,0,0
2084694616176033988,"Tue, Aug 4, 2026","$UMAC showing a clean ascending channel on the weekly, bouncing off the trendline with a 1.618 Fib extension target near $41. Earnings land Thursday (Aug 6, pre-market). Small-cap and high-beta (2.64), so the moves in both directions tend to be sharp, worth sizing accordingly. https://t.co/3YsSMSzWnQ",https://x.com/HestysInvest/status/2084694616176033988,724,1,14,0,0,0,0,0,1,2,0,0,0
2084642605271253406,"Tue, Aug 4, 2026","@chart_aholic Good timing to have an opinion ready, we laid out the whole ""Tether vs. Circle"" case in a thread this morning. Tomorrow's basically the first real report card on whether ""compliant and boring"" beats ""big and offshore."" Popcorn's out 🍿",https://x.com/HestysInvest/status/2084642605271253406,3,0,0,0,0,0,0,0,0,0,0,0,0
2084615799604416905,"Tue, Aug 4, 2026",@TheLongInvest Confirmed ✅ https://t.co/IyTcNq1SyM,https://x.com/HestysInvest/status/2084615799604416905,575,1,58,0,0,0,4,0,4,0,0,0,0
2084614126286832061,"Tue, Aug 4, 2026","Big one tonight: $SPCX reports its first-ever earnings as a public company, right before a lockup expiration that could release up to $109B in insider shares, 1.45x the original IPO size. Are we going to see sub $100? $AMD and $ALAB also report. https://t.co/NEUX19lUxh",https://x.com/HestysInvest/status/2084614126286832061,176,0,0,0,0,0,0,0,0,0,0,0,0
2084565904243708261,"Tue, Aug 4, 2026","@alc2022 $TSLA is the clearest real-world example of this happening right now: 11.3 billion cumulative FSD miles as of June, adding roughly 27 million more per day. That’s not just driving data, it’s a visual understanding of how the physical world moves and changes, which Tesla transfers",https://x.com/HestysInvest/status/2084565904243708261,77,1,2,0,0,0,1,0,0,0,0,0,0
2084538161921654784,"Tue, Aug 4, 2026","7/ ⚖ Bottom line: Tether’s still bigger, but it’s built for a regulatory world that may not exist much longer. Circle’s built for the one regulators actually want. And Telcoin didn’t just adapt to the rules, it helped write them. If the GENIUS Act gets enforced the way it’s",https://x.com/HestysInvest/status/2084538161921654784,126,0,5,0,0,0,0,0,1,4,0,0,0
2084538158708932987,"Tue, Aug 4, 2026",6/ Adjacent beneficiaries: $V and $MA are building stablecoin settlement directly into their networks. $COIN earns real revenue from its USDC distribution partnership with Circle.,https://x.com/HestysInvest/status/2084538158708932987,100,0,3,0,0,0,1,0,0,2,0,0,0
2084538156209057899,"Tue, Aug 4, 2026","5/ 🏦 Here’s the part that matters most for investors specifically: you can’t buy Tether. It’s a private company. Circle went public in June 2025 (ticker $CRCL), and posted 412% EBITDA growth last quarter, close to the only pure play that exists.",https://x.com/HestysInvest/status/2084538156209057899,152,0,2,0,0,0,1,0,0,1,0,0,0
2084538153696649262,"Tue, Aug 4, 2026","4/ The regulatory vacuum is creating new winners too. Tether’s own US-compliant token (USAT) has barely reached $141M. Ripple’s RLUSD is already at $1.55B, 10x USAT. ethereum:0x467bccd9d29f223bce8043b84e8c8b282827790f Telcoin goes furthest: it helped draft Nebraska’s Financial",https://x.com/HestysInvest/status/2084538153696649262,281,8,20,1,0,0,2,4,3,3,0,0,0
2084538151054299337,"Tue, Aug 4, 2026","3/ $CRCL (USDC) is smaller by supply (~$75-77B, 24%) but growing faster, +72% year-over-year vs. Tether actually shrinking since January. More importantly: by actual payment volume, USDC handles roughly 67-70% of stablecoin payment flows.",https://x.com/HestysInvest/status/2084538151054299337,175,0,1,0,0,0,1,0,0,0,0,0,0
2084538148688675258,"Tue, Aug 4, 2026","2/ Tether (USDT) is still the giant: ~$184-189B, about 59-60% market share. But it’s shrinking, and structurally exposed: Tether operates offshore from El Salvador, has never had a full third-party audit, and under the GENIUS Act would need a US banking license or partner just to",https://x.com/HestysInvest/status/2084538148688675258,63,0,1,0,0,0,1,0,0,0,0,0,0
2084538146176278785,"Tue, Aug 4, 2026","1/ 🪙 The stablecoin market just crossed $300B+. $USDT and $USDC control 89% of it between them. But under the surface, the GENIUS Act (the US’s new stablecoin law) is quietly reshuffling who actually wins from here. 🧵",https://x.com/HestysInvest/status/2084538146176278785,176,3,16,0,1,0,1,0,4,8,0,0,0
2084378438207525030,"Mon, Aug 3, 2026","@StockSavvyShay @fiscal_ai Yes, and it’s even more impressive when you factor in the recent acceleration.From FY2023 (about $2.23 billion) to FY2025 (about $4.48 billion) it nearly doubled. Looking at the trailing twelve months into early 2026 (about $5.2 billion) and then the just-released Q2 2026 results",https://x.com/HestysInvest/status/2084378438207525030,117,0,0,0,0,0,0,0,0,0,0,0,0
2084311995499561430,"Mon, Aug 3, 2026",@alc2022 The real magic trick was holding through an FTC lawsuit AND a Jim Cramer diss in the same month and still adding more 🪄😂,https://x.com/HestysInvest/status/2084311995499561430,114,2,4,0,0,0,2,0,0,0,0,0,0
2084294510301876619,"Mon, Aug 3, 2026","@TheLongInvest Calling $ADUR a $45 stock at $14 is optimistic, but not impossible long-term. There’s a high analyst target of $46 (D. Boral) and an average around $30-33. But right now there’s almost no commercial revenue (still under $0.2M TTM) and the company remains fully dependent on",https://x.com/HestysInvest/status/2084294510301876619,286,1,12,0,0,0,1,0,8,2,0,0,0
2084284475534385188,"Mon, Aug 3, 2026",@himshouse And it seems the direction is somewhere to up and right 📈,https://x.com/HestysInvest/status/2084284475534385188,591,1,1,0,0,0,0,0,0,0,0,0,0
2084268146865664436,"Mon, Aug 3, 2026","$ADYEN showing an interesting monthly chart: a bounce right off the long-term ascending trendline, after a rough year (-42% from highs). Next levels to watch: €1000, then €1200, then the descending trendline around €1450-1500. Timing matters here: earnings land August 12-13. https://t.co/istjhT0LFf",https://x.com/HestysInvest/status/2084268146865664436,792,0,27,0,0,0,0,0,4,3,1,0,0
2084248902698500160,"Mon, Aug 3, 2026","@TheLongInvest For context though: still under 0.5% of Strategy’s total 844K BTC stack sold all year, this is capital management for dividend obligations, not Saylor quietly giving up on the thesis",https://x.com/HestysInvest/status/2084248902698500160,270,2,5,0,0,0,3,0,0,0,0,0,0
2084248245266423991,"Mon, Aug 3, 2026","@WatcherGuru The most “never sell” bull in the game, four sales in, is either the most bearish signal in crypto or the most bullish contrarian indicator ever.",https://x.com/HestysInvest/status/2084248245266423991,1474,2,4,0,0,0,0,0,1,1,0,0,0
2084236037098774918,"Mon, Aug 3, 2026","@StockSavvyShay T1 is still running at a loss ($34-37M expected for Q2 on $250M in sales), so these offtake deals are as much about proving the FEOC-compliant domestic supply chain works at scale as they are about near-term profitability.",https://x.com/HestysInvest/status/2084236037098774918,843,3,8,0,0,0,0,0,3,2,0,0,0
2084181673441202276,"Mon, Aug 3, 2026",$GLE.PA is on today's Momentocrats screener. Not a random technical move: Q2 net income came in at €1.6B Management raised its 2026 profitability target A fresh €1.5B buyback got announced on top Stock rallied 6.5% on the print Zoom out on the chart and it's bigger than one https://t.co/wtQLgfSU1K,https://x.com/HestysInvest/status/2084181673441202276,86,0,5,0,0,0,0,0,0,3,0,0,0
2084162049882386937,"Mon, Aug 3, 2026","@c0c0jumbo Good to hear, thats the idea! 🙂☕️",https://x.com/HestysInvest/status/2084162049882386937,16,0,0,0,0,0,0,0,0,0,0,0,0
2084153779234934912,"Mon, Aug 3, 2026",Try it here 👇 https://t.co/X2ND7VhFzr,https://x.com/HestysInvest/status/2084153779234934912,8,0,0,0,0,0,0,0,0,0,0,0,0
2084153610661777670,"Mon, Aug 3, 2026","🚨 New feature! Get today's free bullish signals in your inbox before your morning coffee ☕, every weekday. Just your email, no account needed Choose EU, US East, or US West timing Want another region added? Let me know Discover is also now the default landing page, free to https://t.co/mYsdOa3I4d",https://x.com/HestysInvest/status/2084153610661777670,687,3,10,0,0,0,2,0,1,1,0,1,0
2083965298068033848,"Sun, Aug 2, 2026",@MrFGavriel @growthrapidly What robot are you speaking of sir?,https://x.com/HestysInvest/status/2083965298068033848,37,0,3,1,0,0,2,0,1,0,0,0,0
2083944945912562083,"Sun, Aug 2, 2026","@StockSavvyShay Iridium’s numbers are stronger than you’d expect for backing into profitability, $483-500M EBITDA and 2.5M existing subscribers landing right on top of RKLB’s burn. Deal doesn’t actually close until mid-2027 though, so it’s a photo finish with that profitability timeline.",https://x.com/HestysInvest/status/2083944945912562083,651,3,10,0,0,0,3,0,2,2,0,0,0
2083924780193870213,"Sun, Aug 2, 2026",@TheLongInvest learn to embrace to suffer,https://x.com/HestysInvest/status/2083924780193870213,142,1,4,0,0,0,2,0,1,0,0,0,0
2083795591604158497,"Sun, Aug 2, 2026","@MrFGavriel @growthrapidly Fair, that’s the actual bet, the multiple compresses through growth, not the price falling. Every “next NVDA” candidate makes this exact case at 60x though, survivorship bias just means we only remember the ones it worked for. PLTR’s 81% expected growth this quarter is strong",https://x.com/HestysInvest/status/2083795591604158497,78,0,1,0,0,0,1,0,0,0,0,0,0
2083792890635898931,"Sun, Aug 2, 2026","What I’m looking at this week 👀 $PLTR reports Monday (Aug 3), still trading 60x+ sales even after a 30% pullback from highs. $SPCX reports Tuesday (Aug 4), its first-ever earnings as a public company. The bigger story: this date triggers a lockup expiration releasing up to https://t.co/Yq6J7lFs8l",https://x.com/HestysInvest/status/2083792890635898931,217,2,5,0,0,0,0,0,0,0,0,0,0
2083641178017173736,"Sat, Aug 1, 2026","@growthrapidly That makes sense, and relative to its own recent high it clearly is!",https://x.com/HestysInvest/status/2083641178017173736,369,0,3,0,0,0,1,0,0,2,0,0,0
2083634387120160854,"Sat, Aug 1, 2026","@growthrapidly “Discount” is doing some heavy lifting when it’s still 60x+ sales, more than double its own historical average. Growth’s genuinely strong, the price tag is just built different. Watching this one with extra interest either way 🔥",https://x.com/HestysInvest/status/2083634387120160854,2022,9,30,0,0,1,2,0,10,8,0,0,0
2083630774474121412,"Sat, Aug 1, 2026","@AswathDamodaran Fun fact: depending on which ERP model you trust, stocks are either historically cheap (this one, 8.97% expected return) or historically expensive (the earnings-yield-vs-Treasury crowd, negative gap, worst since 2003). Pick your favorite spreadsheet, get a completely different",https://x.com/HestysInvest/status/2083630774474121412,1688,5,17,0,0,0,0,1,6,5,0,0,0
2083603176280695275,"Sat, Aug 1, 2026","@QualityAtScale_ The framing that stands out from analyst reaction to this call: BofA specifically flagged that the market has been pricing stablecoins and agentic commerce as disintermediation risks for card networks, but this quarter suggests the opposite, Mastercard’s positioning itself as the",https://x.com/HestysInvest/status/2083603176280695275,29,1,3,0,0,0,0,0,2,0,0,0,0
2083410282198544767,"Sat, Aug 1, 2026","$WTW flipped bullish on this week’s Momentocrats scan, and there’s real news behind it: Q2 adjusted EPS beat estimates ($3.35 vs. $3.11), and the board just approved a $1.5B increase to its share buyback program. Two insurance/risk-advisory names ($WTW, $MRSH) and $MA https://t.co/8xAtlSdPqi",https://x.com/HestysInvest/status/2083410282198544767,218,5,9,0,0,0,0,1,0,2,0,0,0
2083291694745743400,"Fri, Jul 31, 2026",8/ And all that was actually shipped in 16 days.. And remember 🚨 all free to use (for now). Just login and add to your portfolio. Next month I’m starting with an easy daily mail with signals subscription option. What else would you like to see next?,https://x.com/HestysInvest/status/2083291694745743400,15,2,2,0,0,0,0,0,0,0,0,0,0
2083291691138609411,"Fri, Jul 31, 2026","7/ Behind the scenes: • Added caching, site’s noticeably faster now • Daily email finally runs on reliable infrastructure instead of GitHub’s flaky scheduler",https://x.com/HestysInvest/status/2083291691138609411,13,2,3,0,0,0,1,0,0,0,0,0,0
2083291687514685762,"Fri, Jul 31, 2026","6/ Privacy &amp; security: • Fixed an incident (a leaked file, password rotated, git history scrubbed) • Emails now stored hashed across the entire database • Wrote an honest Privacy page explaining exactly why",https://x.com/HestysInvest/status/2083291687514685762,5,0,1,0,0,0,1,0,0,0,0,0,0
2083291684025032912,"Fri, Jul 31, 2026","5/ Today page: • Full macro calendar: CPI, PPI, FOMC, ECB • Upcoming earnings for the week • Concentration warnings • Ex-dividend dates • 52-week record alerts",https://x.com/HestysInvest/status/2083291684025032912,11,0,1,0,0,0,1,0,0,0,0,0,0
2083291680564711453,"Fri, Jul 31, 2026","4/ Discover: • New Themes section: Robotics/AI, Clean Energy, Cybersecurity, Semiconductors, Genomics &amp; Biotech • Cleaned-up Sector Rotation and Daily Top Movers",https://x.com/HestysInvest/status/2083291680564711453,11,0,1,0,0,0,1,0,0,0,0,0,0
2083291676391420226,"Fri, Jul 31, 2026","3/ Analyze: • Real performance tracking using the Dietz method (accounts for when you actually bought/sold) • Benchmarked against S&amp;P 500, NASDAQ, and EURO STOXX 50 • Dividend breakdown per position, now working for ETFs too • New Deep-dives page to log your own research,",https://x.com/HestysInvest/status/2083291676391420226,18,0,1,0,0,0,1,0,0,0,0,0,0
2083291671044018299,"Fri, Jul 31, 2026","2/ My Portfolio: • Full transaction-based tracking (buy/sell logs, not just share counts) • DEGIRO CSV import, auto-recognizes tickers, handles multi-listing choices (SMH.L vs SMH vs SMH.MI) • Re-importing no longer creates duplicates • Closing a position now keeps its",https://x.com/HestysInvest/status/2083291671044018299,17,0,1,0,0,0,1,0,0,0,0,0,0
2083291667168178375,"Fri, Jul 31, 2026","Thread — “One month of building Hesty’s in public” 🥳 1/ One month of building Hesty’s in public. realised way more features than I expected when I started tracking this. Here’s the actual list, by section. 🔥",https://x.com/HestysInvest/status/2083291667168178375,72,3,4,0,0,0,1,0,0,0,0,0,0
2083211733984838053,"Fri, Jul 31, 2026","@TheLongInvest Worth separating the number from the story: that EPS miss is almost entirely the mark-to-market accounting loss on their Bitcoin holdings, not the actual business breaking, revenue was basically in line, subscription revenue up 54%. Stock barely moved after-hours too, so the",https://x.com/HestysInvest/status/2083211733984838053,516,2,7,0,0,0,0,0,1,4,0,0,0
2083151635828613154,"Fri, Jul 31, 2026","@TheLongInvest Bookmarked 🙃, added sub-60 myself too. Lets see how this execution plays out!",https://x.com/HestysInvest/status/2083151635828613154,3217,0,12,0,0,0,2,0,6,4,0,0,0
2083149406069493826,"Fri, Jul 31, 2026","@alc2022 Fair, and to be clear I’m not fading the thesis, longevity/bio-acc is a real category. Just think “$2,000 by 2030” needs a lot of chop and a few near-death dips along the way before it looks obvious in hindsight. Patience is the actual hard part of that trade, not the conviction.",https://x.com/HestysInvest/status/2083149406069493826,533,0,2,0,0,0,1,0,1,0,0,0,0
2083145924096696718,"Fri, Jul 31, 2026","@TheLongInvest 22 hours and suddenly it’s “perfect theory” and not “got lucky on timing” 😅 Elliott Wave’s flexible enough that almost any move can be explained after the fact, that’s kind of the whole appeal and the whole problem with it.",https://x.com/HestysInvest/status/2083145924096696718,135,0,2,0,0,0,2,0,0,0,0,0,0
2083122212018471171,"Fri, Jul 31, 2026","The AEX just hit an all-time high, but it’s not really an $ASML only story, the index caps any single stock at 15% specifically to prevent that. What’s actually happening: $ASML, $SHEL, $UL, and $ING (the top 4, ~51% of the index) are all performing well simultaneously. Chips,",https://x.com/HestysInvest/status/2083122212018471171,142,2,2,0,0,0,0,0,0,0,0,0,0
2083067476959428643,"Fri, Jul 31, 2026","Two earnings surprises worth flagging today, and they’re both “hidden infrastructure” stories. $HII (shipbuilding): • Revenue $3.42B vs. $3.20B expected • EPS $5.27 vs. $3.84 expected $EME (construction, AI data center buildouts): • Revenue $5.15B vs. $4.71B expected (+19.8% https://t.co/XOonro1e1V",https://x.com/HestysInvest/status/2083067476959428643,149,3,7,1,0,0,0,0,0,3,0,0,0
2082916466148393105,"Thu, Jul 30, 2026","@bespokeinvest Even bigger than that: multiple sources have this as $MSFT’s best day since March 2020 (when it hit 18.6%), and Bloomberg’s tracking it as potentially the largest single-day market value gain for any stock in history, adding about $490B, edging out $NVDA’s $440B jump from last",https://x.com/HestysInvest/status/2082916466148393105,36,0,0,0,0,0,0,0,0,0,0,0,0
2082910620437839951,"Thu, Jul 30, 2026","Same AI spending story, opposite market reaction. $MSFT: Azure growth accelerated to 43%, beat across the board, stock +8-9%. $META: record $60.8B revenue, but free cash flow collapsed 91% to $784M as AI capex hit $31B for the quarter, stock -9-10%. Both are spending enormous",https://x.com/HestysInvest/status/2082910620437839951,124,1,4,0,0,1,0,0,1,1,0,0,0
2082789382256251385,"Thu, Jul 30, 2026","@StockSavvyShay 10 million Teslas built, and the actual Robotaxi fleet still fits in a parking lot. Imagine if they cranked out driverless cars at the same pace they crank out regular ones 😅",https://x.com/HestysInvest/status/2082789382256251385,98,1,3,0,0,0,0,1,1,0,0,0,0
2082760710031847594,"Thu, Jul 30, 2026","@TheSwingTrad3r Matches what’s out there: RBC’s at $205, Goldman at $215, and Scotiabank just raised theirs to $220. So the $225+ crowd isn’t far off the high end, and your $200-210 range sits comfortably within consensus rather than being the outlier. Good confirmation that this isn’t just",https://x.com/HestysInvest/status/2082760710031847594,22,0,2,0,0,0,0,0,0,2,0,0,0
2082743130181325175,"Thu, Jul 30, 2026","📡 $AMT flipped bullish on today’s Momentocrats screener. Real news behind it: Q2 beat estimates, and management raised full-year guidance for the second time this year, AFFO now guided to $11.00-11.17/share. The growth driver: CoreSite, their data center segment riding the https://t.co/OXyQWVo5aq",https://x.com/HestysInvest/status/2082743130181325175,100,1,7,0,0,0,0,0,0,5,0,0,0
2082736271772848553,"Thu, Jul 30, 2026","Comparing your return to the index only tells half the story. This is what my own Concentration Risk check on Analyze shows: largest position ($TSLA) at 45%, within my target max of 51%, and my top 3 positions make up 64% of the tracked portfolio. Worth checking what your own https://t.co/uyFfGKODP4",https://x.com/HestysInvest/status/2082736271772848553,51,0,0,0,0,0,0,0,0,0,0,0,0
2082543674777296941,"Wed, Jul 29, 2026","Worth a counterpoint on the $HIMS lawsuit: friction with regulators is often the price of being the disruptor, not a sign something’s fundamentally broken. $UBER, $DASH, and $ABNB all faced years of similar fights before becoming normalized parts of their industries. That doesn’t",https://x.com/HestysInvest/status/2082543674777296941,155,0,1,0,0,0,1,0,0,0,0,0,0
2082541615374315825,"Wed, Jul 29, 2026","Update: the vote was 9-3, not unanimous. Three members (Hammack, Kashkari, Logan) dissented in favor of a hike, a notably hawkish split for a “hold” decision. Warsh gave little forward guidance as promised, just reaffirmed “we will deliver price stability.” September remains very",https://x.com/HestysInvest/status/2082541615374315825,67,0,0,0,0,0,0,0,0,0,0,0,0
2082527297727340660,"Wed, Jul 29, 2026","FOMC holds rates steady, as expected. No dot plot this meeting, so the real signal was always going to be in the tone, not the decision itself. Press conference still to come, September remains the meeting markets are actually watching.",https://x.com/HestysInvest/status/2082527297727340660,340,0,0,0,0,0,0,0,0,0,0,0,0
2082484585749741810,"Wed, Jul 29, 2026",@growthrapidly 😂😂,https://x.com/HestysInvest/status/2082484585749741810,19,0,1,0,0,0,1,0,0,0,0,0,0
2082482829493948740,"Wed, Jul 29, 2026",@growthrapidly Bold of you to assume I wasn’t already staring at it like it owes me money 😅,https://x.com/HestysInvest/status/2082482829493948740,111,3,10,0,0,0,2,0,1,4,0,0,0
2082436886660820996,"Wed, Jul 29, 2026","@dividendology Fair pushback, Polymarket’s at 76% no change as we speak, that’s real confidence, not a toss-up. What is worth flagging: CME FedWatch futures still price the hike odds meaningfully higher, 30-38% depending on the day. Two serious markets disagreeing this much on a same-day",https://x.com/HestysInvest/status/2082436886660820996,23,0,0,0,0,0,0,0,0,0,0,0,0
2082424811247059392,"Wed, Jul 29, 2026",@himshouse Somewhere an “Inverse Cramer” ETF just quietly added to its $HIMS position 😅,https://x.com/HestysInvest/status/2082424811247059392,2381,46,76,0,0,0,0,0,1,29,0,0,0
2082421194117070903,"Wed, Jul 29, 2026","@StockSavvyShay Mixed signal in the guidance that’s easy to miss: Q2 itself was a solid beat (smaller EBITDA loss than expected, premium and customer growth both accelerating), but Q3 and full-year guidance both show wider EBITDA losses than analysts expected, despite revenue guidance coming in",https://x.com/HestysInvest/status/2082421194117070903,899,0,9,0,0,0,0,0,6,3,0,0,0
2082420696638996519,"Wed, Jul 29, 2026","@himshouse Fair point, and it’s hard to argue with the bodega-peptides anecdote, that gray market is already happening whether regulators engage with it or not. The “no RCT ≠ no evidence” distinction is a genuinely underused nuance in this debate. Convenient timing for Hims given the $2.2B",https://x.com/HestysInvest/status/2082420696638996519,292,0,2,0,0,0,0,0,2,0,0,0,0
2082401025084813405,"Wed, Jul 29, 2026","@CryptoSta5 nice visual, what about having $TEL on the TEL wallet?",https://x.com/HestysInvest/status/2082401025084813405,264,0,3,0,0,0,1,0,1,1,0,0,0
2082187947281977598,"Tue, Jul 28, 2026","@blckchaindaily Real milestone, worth adding context though: most of this volume is meme-token speculation (Pons, CASHCAT) on the chain’s launchpads, not the tokenized equities trading that’s the actual long-term thesis for Robinhood Chain. Good sign for adoption and liquidity generally, but a",https://x.com/HestysInvest/status/2082187947281977598,29,0,2,0,0,0,0,1,0,1,0,0,0
2082166944086610100,"Tue, Jul 28, 2026","8/ Bottom line: no single winner yet, possibly no single winner ever. By volume, Solana’s ecosystem currently leads. By institutional credibility, the Nasdaq/DTCC pilot may matter more long-term. $HOOD brings retail distribution with a structurally different, riskier product.",https://x.com/HestysInvest/status/2082166944086610100,40,0,0,0,0,0,0,0,0,0,0,0,0
2082166940471054515,"Tue, Jul 28, 2026","7/ Regulatory risk touches all of them, just differently. Robinhood’s debt-token structure is under direct SEC and Bank of Lithuania scrutiny. The DeFi-native tokens face the opposite question: are they even securities under US law at all, or something regulators haven’t fully",https://x.com/HestysInvest/status/2082166940471054515,25,0,1,0,0,0,1,0,0,0,0,0,0
2082166936473849980,"Tue, Jul 28, 2026","6/ The bigger fork isn’t really “which chain wins.” It’s offshore vs. onshore. Solana and Ethereum run permissionless, DeFi-composable, self-custody models outside US retail reach. Meanwhile $NDAQ and $ICE are quietly piloting tokenized securities through the DTCC, an",https://x.com/HestysInvest/status/2082166936473849980,174,1,2,0,0,0,1,0,0,0,0,0,0
2082166933143581037,"Tue, Jul 28, 2026","5/ Here’s where it gets messy: depending on which source you check, Solana claims 96% of trading volume this quarter. Neutral aggregator Token Terminal instead shows Ethereum at 34% market cap share, Solana at 23%. Volume and market cap tell different stories, and everyone’s",https://x.com/HestysInvest/status/2082166933143581037,208,1,3,0,0,0,1,0,1,0,0,0,0
2082166929754571200,"Tue, Jul 28, 2026","4/ Ondo Finance is the single biggest issuer by on-chain value ($955M), built on $ETH with an institutional tilt (it just launched a BlackRock IVV product). Different playbook than Robinhood or Kraken: courting institutions, not retail app users.",https://x.com/HestysInvest/status/2082166929754571200,45,0,1,0,0,0,1,0,0,0,0,0,0
2082166926386618618,"Tue, Jul 28, 2026","3/ Solana’s xStocks (via issuer Backed, distributed through $KRAK, Bybit, and DeFi protocols): actual 1:1-backed tokens held by a licensed custodian. $25B+ in cumulative volume since launch. Kraken is now acquiring Backed outright, consolidating the model under one roof.",https://x.com/HestysInvest/status/2082166926386618618,22,0,1,0,0,0,1,0,0,0,0,0,0
2082166922733363322,"Tue, Jul 28, 2026","2/ Robinhood’s approach: its own Layer-2 blockchain (Robinhood Chain, built on Arbitrum), live in 120+ countries. But the catch, these new stock tokens are structured as debt instruments, not equity. No shareholder rights. The SEC flagged this exact structure for scrutiny in",https://x.com/HestysInvest/status/2082166922733363322,32,0,2,0,0,0,1,0,1,0,0,0,0
2082166919294030047,"Tue, Jul 28, 2026","1/ Tokenized stocks hit a record $2.3B market cap in July, up from $1B in March. $HOOD, Solana-based platforms, and traditional exchanges are all racing for this. Who’s actually winning? 🧵",https://x.com/HestysInvest/status/2082166919294030047,444,0,1,0,0,0,1,0,0,0,0,0,0
2082116121021284651,"Tue, Jul 28, 2026","@LOGOinvestor “No single headline behind it” from last night’s Korea crash backs that up, pure positioning unwind, not fundamentals breaking. Micron reaffirming $50B Q4 guidance right into the chaos might be the scalpel pick of the week. Chart says $543 is the level to watch for whether this",https://x.com/HestysInvest/status/2082116121021284651,22,1,1,0,0,0,0,0,0,0,0,0,0
2082111588165636529,"Tue, Jul 28, 2026","@IncomeSharks Real fear, not overreacting: SK Hynix and Samsung crashed 13-14.7% overnight with no single company-specific headline behind it, pure sentiment cascading through the sector. What’s interesting though: Micron just guided Q4 revenue to $50B despite the carnage, signaling AI memory",https://x.com/HestysInvest/status/2082111588165636529,175,1,9,0,0,0,2,0,1,5,0,0,0
2082109916324430044,"Tue, Jul 28, 2026","How are you playing semi exposure right now? $SMH, or individual names like $ASML, $NVDA, $MRVL, $MU? Worth knowing, SMH itself isn’t that diversified, $NVDA alone is ~18% of the fund, top 10 holdings are ~75%. You’re not avoiding concentration by buying the ETF.",https://x.com/HestysInvest/status/2082109916324430044,241,0,11,0,1,0,0,0,0,6,0,0,0
2082100157991235735,"Tue, Jul 28, 2026","@bespokeinvest Ties back to the earnings surprise from last week, 432K new postpaid subscribers and a bumped-up $10B buyback were the real story behind the beat, not the headline revenue miss. The Q2 drop looks like it was mostly Starlink-competition panic pricing in a threat that hadn’t shown",https://x.com/HestysInvest/status/2082100157991235735,25,0,0,0,0,0,0,0,0,0,0,0,0
2082075549141205339,"Tue, Jul 28, 2026","@TheLongInvest Fun thesis to test: BTC as safe haven would be a real 180 from how it’s traded historically, moving with risk assets, not against them. If it actually plays out, Coinbase probably doesn’t care too much either way, more trading volume in either direction usually shows up in their",https://x.com/HestysInvest/status/2082075549141205339,545,2,4,0,0,0,1,0,0,1,0,0,0
2082007939770876018,"Tue, Jul 28, 2026","@Nika_Finance @LeaderJohnThune Worth updating: as of July 23, Thune himself told reporters he doesn’t think the bill will find floor time before the August recess, the opposite of “pushing for action.” The White House’s crypto advisor pushed back saying the first week of August is still possible, but that’s",https://x.com/HestysInvest/status/2082007939770876018,18,1,2,0,0,0,0,0,0,1,0,0,0
2081976521061785904,"Tue, Jul 28, 2026","FOMC’s two-day meeting kicks off today. Polymarket puts tomorrow’s odds at 72% no change, 27% for a 25bp hike. Zoom out further: 85% chance of zero rate cuts in all of 2026. This is a hike-vs-hold year, cuts are barely on the table anymore. $SPY https://t.co/UoCyEoMxRd",https://x.com/HestysInvest/status/2081976521061785904,160,0,1,0,0,0,0,0,1,0,0,0,0
2081806261910155618,"Mon, Jul 27, 2026","@telcoin This directly addresses the actual objection banks and the Fed have raised about stablecoins, that money flowing into USDT/USDC pulls deposits out of the banking system, reducing the funds banks have available to lend. Fits the pattern from Telcoin’s eUSD launch: a bank-chartered",https://x.com/HestysInvest/status/2081806261910155618,249,0,4,0,0,0,0,0,4,0,0,0,0
2081772103276089685,"Mon, Jul 27, 2026","$SMH was forming a lower high, a head and shoulders. It’s played out since, the neckline around 107 broke, and it now trades at 100.94. Next levels to watch from that original chart: support around 95, then around 92.",https://x.com/HestysInvest/status/2081772103276089685,29,0,0,0,0,0,0,0,0,0,0,0,0
2081768718099452034,"Mon, Jul 27, 2026","@StockSavvyShay The HBM gap is real and probably won’t close soon, $CXMT is stuck on DUV while $ASML EUV stays out of reach under export controls, and $SKHY and $MU already fight over the high-margin AI memory. But worth adding: $AAPL is reportedly testing CXMT’s commodity DRAM chips, that’s a",https://x.com/HestysInvest/status/2081768718099452034,198,0,1,1,0,0,0,0,0,1,0,0,0
2081766559664504968,"Mon, Jul 27, 2026",https://t.co/fGmILmxKtj,https://x.com/HestysInvest/status/2081766559664504968,9,0,0,0,0,0,0,0,0,0,0,0,0
2081766352075768112,"Mon, Jul 27, 2026","🚀 Rocket List signals accelerating growth, higher risk and reward than Momentocrats or Snowballers. Not “better,” just a different game: this week $NVDA shows up on it with 214.5% growth and relative strength still climbing, names still early enough in a growth curve that the https://t.co/So83nb1mlb",https://x.com/HestysInvest/status/2081766352075768112,143,0,1,0,0,0,1,0,0,0,0,0,0
2081446155150397926,"Sun, Jul 26, 2026","@growthrapidly Worth adding some context: Robinhood’s beaten estimates in 3 of the last 4 quarters, but Q1 this year was the miss, driven by a 47% crypto revenue drop, so trading revenue volatility is still the wildcard here. Gold at record 4.3M subscribers is the more durable story. Also",https://x.com/HestysInvest/status/2081446155150397926,65,1,6,0,0,0,0,0,2,3,0,0,0
2081299749068501296,"Sun, Jul 26, 2026","@fdenis78 Partly right, but the mechanism is different than “subsidizing the US.” Europe’s direct exposure to Hormuz-transiting LNG was only about 7-10% in 2025, most of its LNG already comes from the US. The spike happened because LNG is a globally interconnected spot market: when Qatar’s",https://x.com/HestysInvest/status/2081299749068501296,14,0,0,0,0,0,0,0,0,0,0,0,0
2081278474761732523,"Sun, Jul 26, 2026",@c0c0jumbo 😂,https://x.com/HestysInvest/status/2081278474761732523,18,0,1,0,0,0,0,0,1,0,0,0,0
2081267909809103071,"Sun, Jul 26, 2026","What I’m looking at next week! 👀 📅 Wed 29/7: FOMC decision, no change expected, watch the tone 📊 $AAPL, $META, $MSFT report this week, more AI capex guidance incoming after $GOOGL and $INTC both got punished for theirs ✈️ $BA reports Tuesday. Analysts expect a much smaller",https://x.com/HestysInvest/status/2081267909809103071,158,0,1,0,0,0,1,0,0,0,0,0,0
2081104065295982872,"Sat, Jul 25, 2026","@TeslaBoomerMama No timeline, and Musk deliberately avoided giving one, on the Q2 call he said a merger “can’t be discussed” and needs “the appropriate process,” then handed the question to Tesla’s counsel. What’s more telling than the “when” is the “why now”: he specifically flagged Terafab as",https://x.com/HestysInvest/status/2081104065295982872,72,0,1,0,0,0,0,0,0,1,0,0,0
2081087663323361491,"Sat, Jul 25, 2026","@Kalshi_Finance Big number, and worth watching for Monday: markets haven’t had a chance to react yet since this dropped over the weekend. Given how AI capex announcements have been landing lately (Alphabet, Intel this week), it’ll be a good test of whether the market treats this as cost or",https://x.com/HestysInvest/status/2081087663323361491,1076,2,7,0,0,0,0,0,1,4,0,0,0
2081036427656114634,"Sat, Jul 25, 2026","@charliebilello The natural gas divergence in that list is the most interesting one to unpack: European gas is up ~98% while US natural gas has barely moved (even declined slightly in some stretches), because the US isn’t reliant on Gulf/Qatari LNG shipping through Hormuz the way Europe and Asia",https://x.com/HestysInvest/status/2081036427656114634,762,4,14,0,0,0,0,0,1,9,0,0,0
2081033741753823330,"Sat, Jul 25, 2026","@NotA_Bull The “super app” push is real and fits what’s already rolling out, banking with a 4.25% savings APY, a credit card, trust/custodial accounts, even a concierge service bundling tax and estate planning for larger accounts. Worth noting HOOD is still down about 10% YTD despite all",https://x.com/HestysInvest/status/2081033741753823330,136,1,2,0,0,0,0,0,1,0,0,0,0
2081030797889265666,"Sat, Jul 25, 2026",https://t.co/fGmILmxKtj,https://x.com/HestysInvest/status/2081030797889265666,7,0,0,0,0,0,0,0,0,0,0,0,0
2081030652292440368,"Sat, Jul 25, 2026","$IDXX flipped into this week’s Snowballers scan with a 42.5% ROIC, one of the highest we’ve seen flagged, and still trading 23% below its fair value estimate. The kind of gap that shows up when a business earns well above its cost of capital but the market hasn’t fully caught up https://t.co/E6rCpzfsqR",https://x.com/HestysInvest/status/2081030652292440368,148,0,5,0,0,0,1,0,0,0,0,0,0
2080984800723108325,"Sat, Jul 25, 2026","@fitz_keith0 The Pentagon restocking angle is the part that stands out to me in these prints, RTX’s backlog hit a record $289B, and both companies raised 2026 guidance on inventory depletion from Ukraine and the Middle East running at the same time. That’s less “war is a growth industry” in",https://x.com/HestysInvest/status/2080984800723108325,22,0,2,0,0,0,0,0,2,0,0,0,0
2080982556636262632,"Sat, Jul 25, 2026","@im_ArpanB LMT and GD make sense given what’s driving the group right now, both RTX and LMT flipped bullish on our screener this week after raising 2026 guidance on record backlogs, Pentagon restocking after simultaneous conflicts in Ukraine and the Middle East.",https://x.com/HestysInvest/status/2080982556636262632,50,1,5,0,0,0,0,0,2,2,0,0,0
2080894415762055450,"Sat, Jul 25, 2026",https://t.co/fGmILmxKtj,https://x.com/HestysInvest/status/2080894415762055450,11,0,0,0,0,0,0,0,0,0,0,0,0
2080893433372143980,"Sat, Jul 25, 2026","Two names flipped bullish on this week’s Momentocrats scan: $RTX and $LMT. Not a coincidence, both raised 2026 guidance this week on record backlogs ($289B for RTX alone), driven by Pentagon restocking after conflicts in Ukraine and the Middle East drained inventories. Both https://t.co/h1XzMPxAC9",https://x.com/HestysInvest/status/2080893433372143980,133,0,11,0,0,0,3,0,3,1,0,0,0
2080669351397437929,"Fri, Jul 24, 2026","@JasperDLT Precies ja, in een mandje met een aantal dergelijke ‘bets’ waarvan er maar één (of een paar) hoeven te slagen voor een mooi rendement.. Ik heb QS in ieder geval ook in mijn vizier..",https://x.com/HestysInvest/status/2080669351397437929,30,1,3,0,0,0,0,0,2,0,0,0,0
2080665067725471976,"Fri, Jul 24, 2026",Is “summer selloff” a real thing? $SPX data says it’s nuanced. 📊 July: historically one of the strongest months (+1.28% average) 📉 The real weak spot: Aug-Oct → worst 3-month stretch for the S&amp;P 500 → roughly flat on average → higher only ~55% of the time Yesterday’s https://t.co/bTvu3Q0lg2,https://x.com/HestysInvest/status/2080665067725471976,114,0,1,0,0,0,0,0,0,1,0,0,0
2080655755439440237,"Fri, Jul 24, 2026","@StockSavvyShay Same pattern as Alphabet today: a genuinely strong beat, revenue growth of 25%, the fastest in 15 years, non-GAAP EPS beating estimates by more than 90%, but capex concerns wiping out the reaction anyway. INTC was already up 300%+ over the past year and trading near 87x forward",https://x.com/HestysInvest/status/2080655755439440237,282,0,0,1,0,0,0,0,0,0,0,0,0
2080650666943361242,"Fri, Jul 24, 2026","@himshouse Interesting timing: this spike in short volume happened right as the FDA advisory panel voted in favor of adding a peptide to the compounding list, and HIMS rallied over 10% on it. If shorts were piling in ahead of that vote expecting a rejection, yesterday’s price action would",https://x.com/HestysInvest/status/2080650666943361242,761,1,11,1,0,0,1,0,3,6,0,0,0
2080649734226669581,"Fri, Jul 24, 2026",@lidokidz That comeback from -$0.42 to +$1.44 EPS in a year is the kind of chart you screenshot and save for later. Chemical cycle turns are rarely this clean.,https://x.com/HestysInvest/status/2080649734226669581,11,1,1,0,0,0,0,0,0,0,0,0,0
2080647502831776034,"Fri, Jul 24, 2026","@JasperDLT Helemaal eens.. De cijfers onderbouwen precies dat risicoprofiel: een kwartaalverlies van $100,8 miljoen, nog geen noemenswaardige omzet, en de guidance voor heel het jaar staat nog op $250-275 miljoen verlies (EBITDA). Het Honda-partnerschap van juni is tot nu toe het sterkste",https://x.com/HestysInvest/status/2080647502831776034,107,1,4,0,0,0,1,0,1,1,0,0,0
2080560415780577397,"Fri, Jul 24, 2026","@MytikasCapital Definately an interesting setup! Two years of patience before pulling the trigger is rare, most people either buy the story early or chase it once it’s already run 👍👍",https://x.com/HestysInvest/status/2080560415780577397,13,1,1,0,0,0,0,0,0,0,0,0,0
2080557900699746665,"Fri, Jul 24, 2026","$DOW showed up as an earnings surprise today. Adjusted EPS landed at $1.44, well ahead of the roughly $1.20-1.27 analysts expected, quite the turnaround from a $0.42 per share loss this time last year. One thing to watch: management still expects Q3 EBITDA to come in lower than https://t.co/DR04tA7NSF",https://x.com/HestysInvest/status/2080557900699746665,109,0,1,0,0,0,0,0,1,0,0,0,0
2080532143466283489,"Fri, Jul 24, 2026","Why earnings surprises are worth watching: markets don’t fully reprice a stock the moment earnings drop. They underreact, then keep drifting in that direction for weeks after, a pattern researchers call PEAD (Post-Earnings-Announcement Drift). Documented since 1968, still shows",https://x.com/HestysInvest/status/2080532143466283489,91,0,2,0,0,0,0,0,0,2,0,0,0
2080350820726370620,"Thu, Jul 23, 2026","8/ Bottom line: the bull case is strong on paper, cheaper hardware could sidestep the profitability problem Waymo is wrestling with, once it scales. The catch: “once it scales” is exactly where things are stalling right now. Fleet isn’t growing, and the tech itself is under",https://x.com/HestysInvest/status/2080350820726370620,26,0,1,0,0,0,0,0,1,0,0,0,0
2080350747636519385,"Thu, Jul 23, 2026","7/ Here’s the real elephant in the room: Tesla’s track record on timelines. Model 3, Model Y, the Austin robotaxi launch, all real, all delivered years late. That’s why TSLA price targets span $25 to $600, the widest spread of any large-cap stock on Wall Street.",https://x.com/HestysInvest/status/2080350747636519385,30,0,1,0,0,0,1,0,0,0,0,0,0
2080350640459403363,"Thu, Jul 23, 2026",6/ Now the pushback. Because the reality on the ground isn’t convincing yet. 🔹 Unsupervised fleet is stuck at ~40 vehicles 🔹 Texas registrations: 42 Tesla vs. 577 Waymo 🔹 Musk himself: meaningful robotaxi revenue unlikely before 2027,https://x.com/HestysInvest/status/2080350640459403363,30,0,1,0,0,0,1,0,0,0,0,0,0
2080350433038516631,"Thu, Jul 23, 2026","5/ Additional edges: 🔹 Billions of miles of supervised FSD data, already collected from millions of cars on the road 🔹 Optimus (humanoid robots) as optionality, the market now prices Tesla as an AI platform, not a car company",https://x.com/HestysInvest/status/2080350433038516631,28,0,1,0,0,0,1,0,0,0,0,0,0
2080350287957545189,"Thu, Jul 23, 2026",4/ The cost-per-mile numbers tell the same story: 🔹 Tesla: $0.81/mile 🔹 Waymo: $1.43/mile 🔹 Traditional rideshare: $1.71/mile And this is expected to fall further as Cybercab production scales.,https://x.com/HestysInvest/status/2080350287957545189,35,0,1,0,0,0,1,0,0,0,0,0,0
2080350211092729989,"Thu, Jul 23, 2026","3/ Tesla’s answer: skip the expensive hardware entirely. 🔹 Cameras instead of lidar: ~$400 per car 🔹 Cybercab priced under $30,000 🔹 No separate glider factory needed, runs on existing Model Y lines If vehicle capex is the bottleneck, Tesla wins that race on paper.",https://x.com/HestysInvest/status/2080350211092729989,38,0,1,0,0,0,1,0,0,0,0,0,0
2080350107157860487,"Thu, Jul 23, 2026","2/ Waymo’s problem: it’s expensive. 🔹 Lidar sensors: $10,000–$12,000 per car 🔹 Fully equipped vehicle cost: ~$75,000 (latest generation) 🔹 Needs its own factory in China (Zeekr) just to bring costs down Even at full utilization, the margins are thin.",https://x.com/HestysInvest/status/2080350107157860487,34,0,1,0,0,0,1,0,0,0,0,0,0
2080349952169955635,"Thu, Jul 23, 2026","1/ $GOOG s Waymo is already running 500k rides/week. $TSLA is sitting at ~40 cars. Yet there’s a real bull case for why Tesla could still win this. It’s not about who’s ahead now, it’s about who can build cheaper. 🧵",https://x.com/HestysInvest/status/2080349952169955635,168,0,10,0,0,0,1,1,0,8,0,0,0
2080314321876275559,"Thu, Jul 23, 2026","@bespokeinvest The selloff is entirely about the 2026 capex guidance jumping to $195-205B from $180-190B, which pushed free cash flow margin down from around 21% to roughly 9%. Same AI-spending anxiety that’s been hitting Meta and Microsoft this earnings season, just showing up hardest here",https://x.com/HestysInvest/status/2080314321876275559,100,0,0,0,0,0,0,0,0,0,0,0,0
2080297650310549755,"Thu, Jul 23, 2026","@grantlh86 Fundamentally there’s real support for this move, not just chart momentum: preliminary Q4 guidance showed gross margins nearly doubling to 15-17%, backed by a record $60B+ order backlog. Worth remembering the backlog is guidance, not booked revenue yet, so the path to $35-40",https://x.com/HestysInvest/status/2080297650310549755,25,0,0,0,0,0,0,0,0,0,0,0,0
2080262354353213948,"Thu, Jul 23, 2026","@TheLongInvest Worth flagging: RDDT reports earnings July 30, right in the middle of whatever this pullback/bounce plays out. At a ~50x P/E, this stock’s moved 6-12% on news all year (AI licensing headlines, ad growth surprises), so the technical path to $518 has a real fundamental checkpoint",https://x.com/HestysInvest/status/2080262354353213948,656,3,24,0,0,0,4,0,5,12,0,0,0
2080246596428513403,"Thu, Jul 23, 2026","@AlphaSignal4u Fundamentally this lines up too, not just the chart. The move follows a preliminary Q4 update: gross margins guided to 15-17%, nearly double the prior 8.2-8.4% forecast, on a record $60B+ order backlog. When the technical breakout and the guidance reset point the same direction,",https://x.com/HestysInvest/status/2080246596428513403,15,0,0,0,0,0,0,0,0,0,0,0,0
2080222067471913442,"Thu, Jul 23, 2026","$T popped up as an earnings surprise on today’s screener. The headline miss on revenue tells the wrong story, the real number is 432K new postpaid subscribers added, well above the 339K expected, and AT&amp;T’s strongest quarter for fiber and fixed wireless growth in years. https://t.co/sexw5blk1g",https://x.com/HestysInvest/status/2080222067471913442,141,0,1,0,0,0,0,0,0,1,0,0,0
2080194114729992494,"Thu, Jul 23, 2026","$SMCI flipped bullish on today’s Momentocrats screener, and there’s real news behind it: preliminary Q4 numbers show gross margins guided to 15-17%, almost double the prior 8.2-8.4% forecast, on the back of a record $60B+ order backlog. Stock jumped ~20% on the print yesterday. https://t.co/dVsWxqgMRF",https://x.com/HestysInvest/status/2080194114729992494,394,1,5,1,0,0,0,0,2,0,0,0,0
2080169423340494904,"Thu, Jul 23, 2026","$TSLA says Robotaxi is expanding. Its own chart says otherwise: paid miles were flat at ~900K in both Q1 and Q2, and within Q2 the pace actually slowed, strong April, then a drift down to a ~600K/quarter run-rate by June. The active fleet is roughly 21 cars across Austin, Dallas,",https://x.com/HestysInvest/status/2080169423340494904,152,0,0,0,0,0,0,0,0,0,0,0,0
2080002683881054533,"Wed, Jul 22, 2026",@c0c0jumbo 🔥🔥🔥,https://x.com/HestysInvest/status/2080002683881054533,17,0,0,0,0,0,0,0,0,0,0,0,0
2079986102690099326,"Wed, Jul 22, 2026","$TSLA reports Q2 earnings after close today. Options are pricing in a 7.6% move either way, nearly double the average swing of the past four quarters. Robotaxi expansion is the one I’m watching. Guidance has been missed three quarters running there.",https://x.com/HestysInvest/status/2079986102690099326,92,0,0,0,0,0,0,0,0,0,0,0,0
2079935445450788886,"Wed, Jul 22, 2026","@paolo_gt Fundamentally this move has real legs behind it too, not just the guidance raise headline: almost the entire earnings beat came from Magic the Gathering alone, +32% and its first ever $500M quarter.",https://x.com/HestysInvest/status/2079935445450788886,7,0,0,0,0,0,0,0,0,0,0,0,0
2079934567033512395,"Wed, Jul 22, 2026","@growthrapidly Worth adding context: this follows IREN raising its year-end AI Cloud revenue target from $3.7B to over $4B two days ago, with about 85% of that now under contract, not just an aspiration. That’s a real catalyst.",https://x.com/HestysInvest/status/2079934567033512395,246,2,7,0,0,0,0,0,2,3,0,0,0
2079904882857808324,"Wed, Jul 22, 2026","@TheBrokeBro Good pickup, and there’s a near-term test of that thesis: the FDA’s advisory committee meets July 23-24 to decide whether to add several peptides to the 503A compounding list. If it goes $HIMS s way, that owned manufacturing facility stops being just a supply-chain hedge and",https://x.com/HestysInvest/status/2079904882857808324,88,1,2,0,0,0,0,0,1,0,0,0,0
2079873198619767144,"Wed, Jul 22, 2026","@growthrapidly Options are pricing in a move of 7,6% either way 🔥",https://x.com/HestysInvest/status/2079873198619767144,56,2,3,0,0,0,1,0,0,0,0,0,0
2079843782531469769,"Wed, Jul 22, 2026",Made this for fun with @grok after $HAS’s earnings surprise 🃏 https://t.co/adxS5AJHTm,https://x.com/HestysInvest/status/2079843782531469769,189,2,7,0,0,0,2,0,0,2,0,0,0
2079805784087499093,"Wed, Jul 22, 2026","$HAS popped up on today’s Momentocrats screener, and also flagged in the earnings surprises feature. Turned out to be worth the notice: ‘Magic the Gathering’ revenue jumped 32% and crossed $500M in a single quarter for the first time in its 30-year history, stock up ~8% on the https://t.co/uqQdOgkn4E",https://x.com/HestysInvest/status/2079805784087499093,234,0,2,0,0,0,0,0,0,1,0,0,0
2079631674426458184,"Tue, Jul 21, 2026","One week later, the themes picture shifted more than expected. Genomics &amp; Biotech went from the best performer to nearly half that, while Cybersecurity took the lead. Semiconductors and Clean Energy both got worse. https://t.co/bHNEf2MN0d",https://x.com/HestysInvest/status/2079631674426458184,141,0,2,0,0,0,1,0,0,0,0,0,0
2079578058076332388,"Tue, Jul 21, 2026","$ASTS dropped from ~$89 to ~$57 in three weeks after a $1B convertible notes raise spooked the market on dilution. What got less attention: that same raise is what fully funds the 90-satellite launch plan. B. Riley responded by raising their target from $60 to $95, not cutting",https://x.com/HestysInvest/status/2079578058076332388,138,0,0,0,0,0,0,0,0,0,0,0,0
2079573393943261220,"Tue, Jul 21, 2026","@IncomeSharks It cleared the $64,650 level that rejected it 7 times on the 4H before finally breaking through. A daily Supertrend flip on top of an actual resistance break is a stronger signal than either alone, momentum indicators flip on noise sometimes, but not usually right after a",https://x.com/HestysInvest/status/2079573393943261220,560,1,4,0,0,0,2,0,0,1,0,0,0
2079553634354798733,"Tue, Jul 21, 2026","@CryptoYoddha Totally agree! Rejected the same level 7 times, then broke straight through it. That’s not eyes on it because of hype, that’s eyes on it because the chart just told you something changed. 🔥",https://x.com/HestysInvest/status/2079553634354798733,13,0,0,0,0,0,0,0,0,0,0,0,0
2079545776514998684,"Tue, Jul 21, 2026","@MytikasCapital That margin gap says a lot. ISRG doesn’t just sell the robot, it locks in high-margin recurring revenue from instruments and service on every procedure for years after the initial sale. ABT and BSX are more diversified hardware plays without that same recurring-revenue tail. Are",https://x.com/HestysInvest/status/2079545776514998684,60,0,1,0,0,0,1,0,0,0,0,0,0
2079539657616859595,"Tue, Jul 21, 2026","@bespokeinvest Worth adding the historical context: this kind of negative BTC-Nasdaq correlation has shown up a few times in the past few years, July 2021, September 2023, August 2024, and each time it preceded a meaningful bitcoin bottom rather than a breakdown. Combined with BTC just clearing",https://x.com/HestysInvest/status/2079539657616859595,59,0,3,0,0,0,1,0,2,0,0,0,0
2079536181339967849,"Tue, Jul 21, 2026",@c0c0jumbo As long as there is a charm 🙂 lets hope it holds this time and we can say the bitcoin:native bear market is over 🤞,https://x.com/HestysInvest/status/2079536181339967849,29,0,1,0,0,0,0,0,1,0,0,0,0
2079476323139903547,"Tue, Jul 21, 2026",What was resistance for 7 straight rejections just became the level to hold. Broke above it today.,https://x.com/HestysInvest/status/2079476323139903547,118,0,2,0,0,0,1,0,0,1,0,0,0
2079438390815010883,"Tue, Jul 21, 2026","US and European sector rotation, side by side. Technology is the worst-performing sector in both regions this month, and by nearly the same margin: -8.0% in Europe, -8.6% in the US. Energy and Health Care lead in both too. Not a regional story, a global rotation out of tech and https://t.co/b4i9ovkHRE",https://x.com/HestysInvest/status/2079438390815010883,43,0,1,0,0,0,0,0,0,0,0,0,0
2079277402404892864,"Mon, Jul 20, 2026","Momentum + quality, quality at a good price, or high-risk growth, which one matches your investing style? 📡 Momentocrats 🐦 Snowballers 🚀 Rocket List",https://x.com/HestysInvest/status/2079277402404892864,40,0,2,0,0,0,0,0,1,1,0,0,0
2079207870738927764,"Mon, Jul 20, 2026","@Pteslabitcoin77 Same here, though for me it’s less the Roadster and more the robotaxi expansion I’m watching closely at earnings. Are you interested in buying a roadster or suv?",https://x.com/HestysInvest/status/2079207870738927764,17,0,0,0,0,0,0,0,0,0,0,0,0
2079191115958296894,"Mon, Jul 20, 2026","@insicapp The nuance worth adding: it has to be sustained over a cycle, not a snapshot. $AMZN ran low or negative ROIC for years while reinvesting heavily, and it turned out to be moat-building, not moat-absence. The real tell is a company like $CRWV right now: negative ROIC against a cost",https://x.com/HestysInvest/status/2079191115958296894,71,1,15,0,0,1,0,0,5,8,0,0,0
2079173264438419623,"Mon, Jul 20, 2026","@Alex70848763197 @LeifInvests Good filter to use. $CRWV is a clean example of that tension in practice: revenue’s up over 100% but ROIC is actually negative right now, against a cost of capital near 9.5%. The $30B+ in 2026 capex is debt-funded, and interest expense is already eating into margins. Compute",https://x.com/HestysInvest/status/2079173264438419623,52,1,4,0,0,0,1,0,0,2,0,0,0
2079169427233247633,"Mon, Jul 20, 2026","@BeuvingJordy The “hidden gem” framing was the tell. $AAOI and $LITE were trading at 150x+ earnings before the drop, priced for zero pause in AI capex. The photonics thesis probably isn’t broken, but the valuation had no room for a normal reset. Are you holding any of these?",https://x.com/HestysInvest/status/2079169427233247633,124,0,1,0,0,0,0,0,1,0,0,0,0
2079081419574272231,"Mon, Jul 20, 2026","Revenue growth is easy to fake with enough capital. ROIC isn’t. If a company’s return on invested capital sits below its cost of capital, growth is actually destroying value, even while revenue climbs. The businesses worth holding for years are the ones that keep ROIC well above",https://x.com/HestysInvest/status/2079081419574272231,48,0,0,0,0,0,0,0,0,0,0,0,0
2078866764083970095,"Sun, Jul 19, 2026","@dividendology Munger cared more about durability than growth rate itself, ROIC above the cost of capital, sustained for decades, is basically a proxy for “does this business have a real moat.” The moment ROIC drifts back to the average, competition usually already won.",https://x.com/HestysInvest/status/2078866764083970095,276,0,3,0,0,0,0,0,2,1,0,0,0
2078863791043887172,"Sun, Jul 19, 2026",@Pteslabitcoin77 That curiosity factor is real! and imagine the reaction when it’s a robotaxi with no driver at all pulling up next to them 🙂 What are you expecting from earnings Wednesday?,https://x.com/HestysInvest/status/2078863791043887172,40,1,5,0,0,0,1,0,1,2,0,0,0
2078572398811746501,"Sat, Jul 18, 2026","$TSLA reports Q2 earnings Wednesday July 22, after close. Deliveries already beat estimates (480K vs ~406K expected), so the real question is margins, not volume. Options are pricing in a 7.6% move, nearly double the average post-earnings swing over the past four quarters. Wall https://t.co/7D96UZWvxy",https://x.com/HestysInvest/status/2078572398811746501,105,0,1,0,0,0,1,0,0,0,0,0,0
2078476790746485175,"Sat, Jul 18, 2026","@ariaradnia Solid point on valuation. One nuance worth adding: ISRG’s actually up around 30-35% over 5 years even after this drop, not flat, though the recent pullback did wipe out a lot of the multiple expansion it had.",https://x.com/HestysInvest/status/2078476790746485175,306,2,4,0,0,0,0,0,0,2,0,0,0
2078456883216592905,"Sat, Jul 18, 2026","@MytikasCapital Fair to ask: Snowballers uses the average analyst price target as the fair value estimate, so that 37% gap reflects the same consensus you’re pointing to. What’s driving your 2032+ conviction specifically, the market position, the R&amp;D moat, or something else?",https://x.com/HestysInvest/status/2078456883216592905,33,0,2,0,0,0,1,0,1,0,0,0,0
2078449119878676939,"Sat, Jul 18, 2026","@MytikasCapital Fair question, and it’s part of why our Snowballers model flagged ISRG this week, 37% below its fair value estimate even with the quality factored in. The safety recall and slowing US procedure growth are legitimate reasons for caution, but most analysts who cut price targets",https://x.com/HestysInvest/status/2078449119878676939,25,1,2,0,0,0,1,0,0,0,0,0,0
2078377183240733145,"Sat, Jul 18, 2026",@kelvinbuildss https://t.co/X2ND7VhFzr I did bro 😀,https://x.com/HestysInvest/status/2078377183240733145,11,0,0,0,0,0,0,0,0,0,0,0,0
2078347498947493967,"Sat, Jul 18, 2026",Full scan here: https://t.co/fGmILmxKtj,https://x.com/HestysInvest/status/2078347498947493967,31,0,0,0,0,0,0,0,0,0,0,0,0
2078347152225448223,"Sat, Jul 18, 2026","$ISRG just came up in this week’s Snowballers scan, now 37% below fair value after a hard drop. Real reasons behind it: Q2 revenue and EPS both beat, but management flagged slowing US procedure growth, and there’s a safety recall on some da Vinci components. Legitimate concerns, https://t.co/hx0Dbk0AQZ",https://x.com/HestysInvest/status/2078347152225448223,310,1,15,1,0,0,1,0,2,4,0,0,0
2078346124214083692,"Sat, Jul 18, 2026",@kelvinbuildss Its pretty far alrdy but im loving it so i just keep adding features 👍,https://x.com/HestysInvest/status/2078346124214083692,12,1,2,0,0,0,1,0,0,0,0,0,0
2078203190634299704,"Fri, Jul 17, 2026",@kelvinbuildss Im building my own investment advisor website! Sharing the journey :) 👌,https://x.com/HestysInvest/status/2078203190634299704,83,0,3,0,0,0,1,0,2,0,0,0,0
2078166587819892863,"Fri, Jul 17, 2026","This week’s ships: per-position dividend yield tracking, a Themes section (Robotics/AI, Clean Energy, Cybersecurity…), and a private log for your own stock research with version history. Which one would actually change how you track your portfolio?",https://x.com/HestysInvest/status/2078166587819892863,66,1,1,0,0,0,0,0,0,0,0,0,0
2078018008933441899,"Fri, Jul 17, 2026","One week into building Hesty’s in public. Shipped this week: DEGIRO re-imports without duplicates, a new Themes section on Discover, per-position dividend yield tracking, and a private Deep-dives log for your own research. Plus a hashed-email privacy page, because trust shouldn’t",https://x.com/HestysInvest/status/2078018008933441899,62,1,1,0,0,0,0,0,0,0,0,0,0
2077812271728767398,"Thu, Jul 16, 2026","What broker do you use, and what takes up the most time when keeping your portfolio up to date?",https://x.com/HestysInvest/status/2077812271728767398,31,0,0,0,0,0,0,0,0,0,0,0,0
2077741283137704172,"Thu, Jul 16, 2026","@TheLongInvest What price would you be looking to add more at from here? Also curious how you're weighing yesterday's $1B convertible notes raise, it buys real runway for launches, but those converts eventually turn into share count if the stock holds up. Does that change your entry math at",https://x.com/HestysInvest/status/2077741283137704172,1842,3,16,0,0,0,5,0,2,6,0,0,0
2077737449418088596,"Thu, Jul 16, 2026","@DavidDTawil @BlackRock @dealbook To put that $15T in perspective: that's close to half of US GDP, run by one firm. Vanguard is really the only other asset manager operating at a comparable order of magnitude",https://x.com/HestysInvest/status/2077737449418088596,8,0,0,0,0,0,0,0,0,0,0,0,0
2077704936532357211,"Thu, Jul 16, 2026","@Boersenbullebln Worth noting this is the third guidance raise this year, and the stock was already up 65% YTD going into the print. At some point ""beat and raise"" stops being the surprise and becomes the expectation, so a strong quarter alone doesn't move the stock anymore. Priced in doesn't",https://x.com/HestysInvest/status/2077704936532357211,2,0,0,0,0,0,0,0,0,0,0,0,0
2077672156482195830,"Thu, Jul 16, 2026","$BLK just broke above a multi-month descending trendline with a daily Supertrend flip to bullish. Timing checks out: Q2 earnings beat across the board today, record $868B in net inflows, AUM at $15.3T, and a bumped-up $2B buyback. https://t.co/69OAzjJuX4",https://x.com/HestysInvest/status/2077672156482195830,39,0,1,0,0,0,0,0,0,0,0,0,0
2077642192852582548,"Thu, Jul 16, 2026","Importing your DEGIRO transactions used to mean manual ticker matching every time. Now it recognizes your tickers automatically, and won't double-import if you run it again. What other brokers would you like to see supported? https://t.co/40gYdcB0lY",https://x.com/HestysInvest/status/2077642192852582548,33,1,3,0,0,0,0,0,0,0,0,0,0
2077450276571586785,"Wed, Jul 15, 2026",Which one matches how you actually invest?,https://x.com/HestysInvest/status/2077450276571586785,29,0,3,0,0,0,0,0,0,2,0,0,0
2077387854364176807,"Wed, Jul 15, 2026","@TheLongInvest Worth separating why it cooled before calling it purely risk-on: this print is energy/supply-side driven (oil pulled back from the Iran-shock spike), not demand cooling. But yes, risk on :D",https://x.com/HestysInvest/status/2077387854364176807,7,0,0,0,0,0,0,0,0,0,0,0,0
2077377974924349940,"Wed, Jul 15, 2026",starting now.. ☝️,https://x.com/HestysInvest/status/2077377974924349940,21,0,0,0,0,0,0,0,0,0,0,0,0
2077370725304819984,"Wed, Jul 15, 2026","@WatcherGuru Second cooling print of the week then — CPI already surprised to the downside yesterday (-0.4% m/m, 3.5% y/y vs. a 3.8% estimate), and this lines up with that same disinflation story rather than a new one. Two soft prints in 48 hours, right before the July 28-29 FOMC.",https://x.com/HestysInvest/status/2077370725304819984,12,0,1,0,0,0,0,0,1,0,0,0,0
2077364915707244746,"Wed, Jul 15, 2026","@stockmktgenius The detail that stands out from the earnings: most of the beat came from installed base/service revenue (€2.8B, ~€300M above guide) — customers paying for productivity upgrades on machines they already own, not just new system orders",https://x.com/HestysInvest/status/2077364915707244746,5,0,0,0,0,0,0,0,0,0,0,0,0
2077361235385897412,"Wed, Jul 15, 2026","@themotleyfool Agreed! most of the ""cleverness"" investors chase (perfect timing, exotic strategies, picking every top) doesn't show up in their actual returns anyway. The boring stuff: position sizing, staying diversified, not overtrading does. Ironic that the simple part is usually the hardest",https://x.com/HestysInvest/status/2077361235385897412,7,0,0,0,0,0,0,0,0,0,0,0,0
2077342573438394756,"Wed, Jul 15, 2026","@stockplaymaker1 Worth noting: the June MSA was a signed, binding $1.2B deal. This one is explicitly ""expects to enter into an agreement"" with a company they won't yet name. Two very different confidence levels dressed in the same headline format, the PR machine is consistent even when the",https://x.com/HestysInvest/status/2077342573438394756,26,0,0,0,0,0,0,0,0,0,0,0,0
2077268610154684874,"Wed, Jul 15, 2026","Momentum tells you what’s moving. Quality tells you if it’s worth following. Momentocrats only flag a stock when both line up — built for swing trades over days to weeks, not chasing every green candle.",https://x.com/HestysInvest/status/2077268610154684874,42,0,0,0,0,0,0,0,0,0,0,0,0
2077264312507240756,"Wed, Jul 15, 2026",Live: https://t.co/aZkjLHnkuA,https://x.com/HestysInvest/status/2077264312507240756,35,0,11,0,0,0,1,0,0,8,2,0,0
2077264212712214929,"Wed, Jul 15, 2026",$ASML Q2 earnings call starts today at 15:00 CEST. Beat expectations and raised full-year 2026 guidance to €43-45 billion on continued strong AI demand.,https://x.com/HestysInvest/status/2077264212712214929,53,0,1,0,0,0,1,0,0,0,0,0,0
2077081202767368323,"Tue, Jul 14, 2026",bitcoin:native Are we going for the 7th rejection of 64650 usd? https://t.co/BjQhxiIvSy,https://x.com/HestysInvest/status/2077081202767368323,159,0,1,0,0,0,0,0,0,0,0,0,0
2077074874237960406,"Tue, Jul 14, 2026",@BeuvingJordy IBM’s issues appear more company-specific (mainframe weakness + deal timing) than sector-wide. Many software companies have stronger pure-play AI exposure and recurring revenue models that could hold up better. This kind of broad sell-off often creates selective opportunities.,https://x.com/HestysInvest/status/2077074874237960406,8,0,0,0,0,0,0,0,0,0,0,0,0
2077072273861747070,"Tue, Jul 14, 2026","Real signals, not hype. Your real return, tracked. Which one matches how you invest - swing trades, long-term quality, or higher-risk growth? 📡 Momentocrats 🐦 Snowballers 🚀 Rocket List",https://x.com/HestysInvest/status/2077072273861747070,43,0,0,0,0,0,0,0,0,0,0,0,0
2077016616701698064,"Tue, Jul 14, 2026","CPI dropped -0.4% this morning vs. May, the largest monthly decline since April 2020. Energy did most of the work (-5.7%). Year-over-year, inflation's still at 3.5%. Fun fact: this was on today's agenda before it even hit — 'Today' flags CPI/FOMC/ECB days in advance, so you're https://t.co/PRkIAkKXcf",https://x.com/HestysInvest/status/2077016616701698064,41,1,7,0,0,0,0,0,0,4,0,0,0
2077008817993154656,"Tue, Jul 14, 2026","CPI came in at 3.5%, lower than expected. This should ease some pressure on rate cut expectations and supports the narrative that inflation is gradually coming down. After yesterday’s sell-off, this data could trigger a relief bounce today. #turnaroundtuesday",https://x.com/HestysInvest/status/2077008817993154656,33,0,2,0,0,0,1,0,0,1,0,0,0
2076979411287416933,"Tue, Jul 14, 2026","$CLSK surging 18%! pre-market after announcing a 20-year, $6.6B data center lease (up to $11.6B with extensions) with a high-grade tech tenant in Georgia. Strong move into stable, high-margin infrastructure revenue and a smart play on AI power demand. If executed well, this",https://x.com/HestysInvest/status/2076979411287416933,45,0,1,0,0,0,0,0,1,0,0,0,0
2076960992102174861,"Tue, Jul 14, 2026",@growthrapidly Interesting time to 'put your toe in the water'. I think it can go substantially lower though with all the unlocks coming up.. watching this carefully!,https://x.com/HestysInvest/status/2076960992102174861,6,0,1,0,0,0,0,0,1,0,0,0,0
2076960642699776237,"Tue, Jul 14, 2026","@growthrapidly $PLTR’s government + commercial AI momentum looks real and the flywheel is clearly working. Still, the valuation is very rich. Getting to $400+ would require near-perfect execution for years. Interesting story, but needs to be sized carefully.",https://x.com/HestysInvest/status/2076960642699776237,19,0,0,0,0,0,0,0,0,0,0,0,0
2076953602443161617,"Tue, Jul 14, 2026",@VJNCapital Looks clean and well thought out. The custom chart framework and on-the-fly calculations are really powerful! exactly the kind of practical tools that make daily analysis smoother. Respect for building something tailored to your own workflow. 🙌,https://x.com/HestysInvest/status/2076953602443161617,3,0,1,0,0,0,0,0,1,0,0,0,0
2076922421769113642,"Tue, Jul 14, 2026",New feature live: Theme performance overview. Current 1-month picture across popular investing themes: • Genomics &amp; Biotech: +15.6% • Cybersecurity: +6.5% • Robotics &amp; AI: -6.2% • Semiconductors: -9.5% 😲 • Clean Energy: -11.4% Helps quickly see which themes are leading https://t.co/WaK9QPlWdF,https://x.com/HestysInvest/status/2076922421769113642,179,1,2,0,0,0,0,0,0,1,0,0,0
2076774229677076521,"Mon, Jul 13, 2026","@ben_sage Yes sir, building in public 👌 https://t.co/X2ND7VhFzr",https://x.com/HestysInvest/status/2076774229677076521,6,0,0,0,0,0,0,0,0,0,0,0,0
2076750217286742032,"Mon, Jul 13, 2026","@dividendology Visa has been the stronger performer lately, likely due to better resilience in US consumer spending, tighter cost control, and stronger buyback execution. Mastercard’s international mix and value-added services give it long-term edge, but near-term $V is winning on relative",https://x.com/HestysInvest/status/2076750217286742032,4,0,0,0,0,0,0,0,0,0,0,0,0
2076707405413372108,"Mon, Jul 13, 2026","$SMH (Semiconductor ETF) is forming a lower high on the dailychart. This could be developing into a head and shoulders pattern, which often signals a potential trend reversal after a strong run. Worth watching the neckline closely in the coming weeks. https://t.co/WhbkttJf0I",https://x.com/HestysInvest/status/2076707405413372108,43,0,9,0,0,0,2,0,1,5,0,0,0
2076680529340932469,"Mon, Jul 13, 2026","Earnings week is ramping up. Major banks report tomorrow ($JPM, $BAC, $C, $GS, $WFC), followed by $ASML, $JNJ, $TSM, $UNH and $NFLX later in the week. Key focus: banking trends, semi outlook and AI-related guidance.",https://x.com/HestysInvest/status/2076680529340932469,29,0,0,0,0,0,0,0,0,0,0,0,0
2076676826924024303,"Mon, Jul 13, 2026",@TheLongInvest definately looking forward to $HIMS earnings on august 3th.. gonna be a banger!,https://x.com/HestysInvest/status/2076676826924024303,9,1,1,0,0,0,0,0,0,0,0,0,0
2076676386031276038,"Mon, Jul 13, 2026","@dividendology Interesting screen. High yield + large upside at $10B+ market cap often signals hidden risks like debt, payout pressure or sector challenges. Always check free cash flow coverage and dividend sustainability before acting. High yields can be value traps.",https://x.com/HestysInvest/status/2076676386031276038,6,0,0,0,0,0,0,0,0,0,0,0,0
2076670190952079822,"Mon, Jul 13, 2026","Interesting follow-up on $DTE: $TMUS (T-Mobile US) also flipped Supertrend on the daily. Deutsche Telekom owns ~49% of TMUS, so this momentum in the US business is a big positive for DTE. https://t.co/Jd15yGMUk9",https://x.com/HestysInvest/status/2076670190952079822,30,0,3,0,0,0,0,0,0,0,0,0,0
2076665316537458691,"Mon, Jul 13, 2026","$DTE (Deutsche Telekom) Supertrend just flipped. Fundamentally solid: stable cashflow, ~5% dividend yield, heavy fiber rollout in Germany and exposure to growing T-Mobile US. Nice mix of defensive quality + momentum. What do you think? https://t.co/T9ApP7Asww",https://x.com/HestysInvest/status/2076665316537458691,29,0,7,0,0,0,0,0,1,0,0,0,0
2076661917075099720,"Mon, Jul 13, 2026",Building my dashboard taught me one thing: Context matters. Seeing signals that actually match your own portfolio and watchlist is far more valuable than generic lists. What’s your biggest daily frustration? 👇,https://x.com/HestysInvest/status/2076661917075099720,25,0,0,0,0,0,0,0,0,0,0,0,0
2076563679412101617,"Mon, Jul 13, 2026",Supertrend is one of my favorite indicators because it combines price and volatility (ATR). It helps filter noise and highlights real momentum shifts.. especially useful for swing trades and long-term entries. What’s your go-to trend indicator? 👇,https://x.com/HestysInvest/status/2076563679412101617,32,0,0,0,0,0,0,0,0,0,0,0,0
2076366673150423224,"Sun, Jul 12, 2026","@dividendology Strong bull case for Microsoft remains intact. Cloud growth (Azure), AI integration across products, and consistent execution make it one of the highest quality compounders available. Current valuation looks reasonable for long-term investors.",https://x.com/HestysInvest/status/2076366673150423224,15,0,0,0,0,0,0,0,0,0,0,0,0
2076358289059639543,"Sun, Jul 12, 2026",@TheLongInvest ARK does strong research and often spots innovative themes early. The big issue remains timing and risk management — buying at the wrong moment can destroy returns even in a bull market. $SPY’s +73% vs $ARKK’s -36% over 5 years is a painful reminder.,https://x.com/HestysInvest/status/2076358289059639543,6,0,0,0,0,0,0,0,0,0,0,0,0
2076357094593233371,"Sun, Jul 12, 2026","@YahooFinance Key week ahead. Earnings will show how well companies are handling higher costs, while the inflation numbers could influence the Fed’s next move. Expect volatility, especially in rate-sensitive sectors.",https://x.com/HestysInvest/status/2076357094593233371,8,0,0,0,0,0,0,0,0,0,0,0,0
2076322875342987537,"Sun, Jul 12, 2026","@BrianFeroldi Valid point. On the other hand , if you can invest $1000 well, it can still be difficult to invest $100,000 because you might make different decisions based on more emotions..",https://x.com/HestysInvest/status/2076322875342987537,5,0,0,0,0,0,0,0,0,0,0,0,0
2076307228647170268,"Sun, Jul 12, 2026",@loixlab @tradegist Its very important nowadays to have very fast tools.. you are doing good work! 👌,https://x.com/HestysInvest/status/2076307228647170268,19,1,2,0,0,0,0,0,0,1,0,0,0
2076305203100312005,"Sun, Jul 12, 2026","@StockSavvyShay @FuturumEquities $ANET just this week making all time highs.. so much hype around the other names, but this one might be the one to watch in the coming weeks",https://x.com/HestysInvest/status/2076305203100312005,20,0,0,0,0,0,0,0,0,0,0,0,0
2076302202331599108,"Sun, Jul 12, 2026","Tired of manually adding transaction to your portfolio? My newest feature is uploading your transaction .CSV from your broker direct into Hestys and the news, signals and analyzes will be tailored to your needs! and offcourse your portfolio tracker is up to date.. 😍--link in bio https://t.co/DrnzuWXnkB",https://x.com/HestysInvest/status/2076302202331599108,43,0,2,0,0,0,0,0,0,0,0,0,0
2076293083549909105,"Sun, Jul 12, 2026",@WatcherGuru then well see a lil pump on monday.. and normally after that a retrace.. mayb this time it can hold and we can break that 64500 resistence!,https://x.com/HestysInvest/status/2076293083549909105,14,0,0,0,0,0,0,0,0,0,0,0,0
2076211658641309725,"Sun, Jul 12, 2026",Sunday morning check in Hestys. $QIA Supertrend just flipped this week and came up in the Momentocrats screener. Nice combination of momentum + trend confirmation. Perfect moment to review the bigger picture in long-term portfolios. https://t.co/X2ND7VhFzr https://t.co/swO0oVvtkB,https://x.com/HestysInvest/status/2076211658641309725,55,1,13,0,0,0,0,0,1,1,1,0,0
2076050676459642967,"Sat, Jul 11, 2026","@dividendology but there might a rotation going on in energy since last month.. 1 month trailing back its down 2,9%.. https://t.co/Kk8jMqTA68",https://x.com/HestysInvest/status/2076050676459642967,10,0,0,0,0,0,0,0,0,0,0,0,0
2076038379880276295,"Sat, Jul 11, 2026","@TaviCosta Chinese demand will be a key driver. LatAm is a major exporter of copper, soy, oil, and iron ore. If China stabilizes or stimulates further, it could provide strong commodity tailwinds for the region. That said, execution on the policy and governance side remains crucial.",https://x.com/HestysInvest/status/2076038379880276295,19,0,0,0,0,0,0,0,0,0,0,0,0
2075996512740344245,"Sat, Jul 11, 2026",@stockplaymaker1 On $BAYN and $QIA the weekly supertrend recently flipt bullish while being fundamentally strong aswell.. wouldnt be suprised on another pop 🤘These got the highest score on my ‘Momentocrats’ screener https://t.co/ThxtDx6xEh,https://x.com/HestysInvest/status/2075996512740344245,16,0,1,0,0,0,0,0,0,0,0,0,0
2075993187802341541,"Sat, Jul 11, 2026",@StockSavvyShay @fiscal_ai I think they’ll probably pull it off. The AI race is very real and memory demand keeps growing fast. $MU looks well positioned. Worth keeping an eye on.,https://x.com/HestysInvest/status/2075993187802341541,22,2,3,0,0,0,1,0,0,0,0,0,0
2075992393933836503,"Sat, Jul 11, 2026",@dividendology But you can invest it in assets that generate income 😅,https://x.com/HestysInvest/status/2075992393933836503,8,0,0,0,0,0,0,0,0,0,0,0,0
2075978871778730163,"Sat, Jul 11, 2026",@TheLongInvest Haha agree — staking ETH in this phase of the 4-year cycle could work out well. Many expect the next leg up around Oct/Nov.,https://x.com/HestysInvest/status/2075978871778730163,19,0,0,0,0,0,0,0,0,0,0,0,0
2075967034496614689,"Sat, Jul 11, 2026","@BrianFeroldi True. Concentration + leverage is a double-edged sword. Works great when you’re right, but most retail investors underestimate the risk side. Discipline matters more than conviction.",https://x.com/HestysInvest/status/2075967034496614689,5,0,0,0,0,0,0,0,0,0,0,0,0
2075965826650255362,"Sat, Jul 11, 2026","Building Hestys in public. One dashboard for my portfolio, watchlist &amp; clear signals. No more switching apps. Turning it into the personal long-term investing tool I always wanted. https://t.co/X2ND7VhFzr",https://x.com/HestysInvest/status/2075965826650255362,57,0,0,0,0,0,0,0,0,0,0,0,0
2075859823166382364,"Sat, Jul 11, 2026",Fresh updated weekly signals in Hestys! $CPRT popping as Snowballer — 30.7% under fair value. Snowballers signals companies trading below fair value with low volatility. Who doesn't want to buy something when it's cheap? https://t.co/gfCl8xSFOC,https://x.com/HestysInvest/status/2075859823166382364,39,0,2,0,0,0,0,0,0,0,0,0,0
2075647047458299920,"Fri, Jul 10, 2026",@WatcherGuru Solid move. Circle’s federal trust bank approval strengthens USDC’s regulatory position and credibility. This should accelerate its catch-up to USDT in the market. Important development for institutional adoption. $USDC,https://x.com/HestysInvest/status/2075647047458299920,18,3,10,0,0,0,0,0,0,7,0,0,0
2075636393829712119,"Fri, Jul 10, 2026",I've build a new feature on Hesty's! 3 fresh types of signals: &gt; Momemtocrats &gt; Snowballers &gt; Rocket list Come check it out and let me know what you think.. Would you use it? -- 👀link in bio https://t.co/LuCdJrkbMK,https://x.com/HestysInvest/status/2075636393829712119,41,0,5,0,0,0,0,0,1,0,0,0,0
2075609601819463943,"Fri, Jul 10, 2026",@dividendology And which one will be number one? I think it will be spacex merged with tsla.. #muskonomie,https://x.com/HestysInvest/status/2075609601819463943,18,0,2,0,0,0,0,0,1,1,0,0,0
2075588524196139264,"Fri, Jul 10, 2026",@WatcherGuru On my website i have ‘Snowballer’ signals you can actually see some quality stocks who are undervalued.. Just how Buffet likes ‘em! Maybe Berkshire should have a look to deploy that cash 💰😁,https://x.com/HestysInvest/status/2075588524196139264,14,1,5,0,0,0,0,0,0,4,0,0,0
2075587641798533210,"Fri, Jul 10, 2026",☝️✅,https://x.com/HestysInvest/status/2075587641798533210,45,0,0,0,0,0,0,0,0,0,0,0,0
2075586801545212285,"Fri, Jul 10, 2026",@DividendGrowth Interesting view.. and how much of that time spent alone is with the smart phone? 🧐,https://x.com/HestysInvest/status/2075586801545212285,29,1,6,0,0,0,0,0,0,5,0,0,0
2075576051447603299,"Fri, Jul 10, 2026",@StockSavvyShay META just got a major unlock on AI economics. Building at half the expected cost isn’t just impressive it flips the entire monetization math in their favor. Suddenly that massive capex starts looking like one of the smartest bets in tech. This is how you build real separation.,https://x.com/HestysInvest/status/2075576051447603299,9,0,0,0,0,0,0,0,0,0,0,0,0
2075561487498694756,"Fri, Jul 10, 2026","@TheLongInvest $85 to $111 is the real move either way — ""below his average"" is context, not a signal. Curious what's actually driving $SE lately, beyond the ticker-following.",https://x.com/HestysInvest/status/2075561487498694756,9,0,0,0,0,0,0,0,0,0,0,0,0
2075560092146049505,"Fri, Jul 10, 2026",$NSC going for break-out to ATH today? $325 pre-market https://t.co/Qg9LBRRivG,https://x.com/HestysInvest/status/2075560092146049505,58,0,3,0,0,0,2,0,1,0,0,0,0
2075486488632996091,"Fri, Jul 10, 2026","Biggest investing frustration: info scattered everywhere. Building Hestys — personal dashboard with portfolio, watchlist &amp; smart signals in one view. Long-term + swings. What’s your main struggle? 👇 https://t.co/eUYvw6dbYE https://t.co/FTj8m7gyT8",https://x.com/HestysInvest/status/2075486488632996091,48,0,3,0,0,0,0,0,0,0,0,0,0
2075274414002728974,"Thu, Jul 9, 2026","@WatcherGuru Disagree with JPMorgan. The real risk to Bitcoin isn’t TraFi creating private blockchains. it’s them trying to control the narrative and dilute true decentralization. Private chains are walled gardens. Real value stays on open, permissionless networks. Bitcoin leads the way. 🚀",https://x.com/HestysInvest/status/2075274414002728974,2,0,1,0,0,0,0,0,1,0,0,0,0
2075202760375443766,"Thu, Jul 9, 2026","ANET ATH and break-out on the weekly timeframe +3,63% pre-market https://t.co/oHutg0NRUT",https://x.com/HestysInvest/status/2075202760375443766,191,0,12,0,0,0,1,0,2,6,0,0,0
2075198501416321202,"Thu, Jul 9, 2026",@TheLongInvest You only learn by doing it.. Just dont expect to win.. not making money but gaining a valuable lesson is also a win!,https://x.com/HestysInvest/status/2075198501416321202,9,0,0,0,0,0,0,0,0,0,0,0,0
2075191856816681286,"Thu, Jul 9, 2026",@TheLongInvest 😂😂,https://x.com/HestysInvest/status/2075191856816681286,10,0,0,0,0,0,0,0,0,0,0,0,0
2075191380746338746,"Thu, Jul 9, 2026","@TheLongInvest These companies have raised dividends for decades. Some streaks are legendary. Consistency at scale: paying owners through recessions &amp; booms. In a world obsessed with 100x growth, these quietly compound wealth. Respect to the long game. 📈 Which name surprises you most?",https://x.com/HestysInvest/status/2075191380746338746,13,0,0,0,0,0,0,0,0,0,0,0,0
2075189989214716305,"Thu, Jul 9, 2026","@StockSavvyShay This isn’t hype — it’s infrastructure warfare. Meta’s pushing hard to own more of its stack, cut dependency, and scale smarter in the AI race. Custom chips + hyperscaler capex = the real game.",https://x.com/HestysInvest/status/2075189989214716305,8,0,0,0,0,0,0,0,0,0,0,0,0
2075185305615745324,"Thu, Jul 9, 2026","@CathieDWood @ARKInvest @LorenzoARK The moat seems to be less about the stablecoin itself and more about liquidity, acceptance and integrations. That's why USDT and USDC remain dominant. New entrants like Telcoin's eUSD offer regulatory advantages, but overcoming existing network effects is a different battle.",https://x.com/HestysInvest/status/2075185305615745324,14,0,1,0,0,0,0,0,0,1,0,0,0
2075176577462145426,"Thu, Jul 9, 2026","Why Supertrend, and not just ""buy when it goes up""? Because a trend flip after a long decline tells you something different than random noise. That's the whole idea behind Hesty's — filter signal from noise, not just chase green candles.",https://x.com/HestysInvest/status/2075176577462145426,61,0,1,0,0,0,0,0,1,0,0,0,0